timestamp,engine_pid,engine_start,engine_responding,engine_cpu_s,engine_cpu_delta_s,engine_read_ops,engine_read_ops_delta,engine_write_ops,engine_write_ops_delta,engine_read_bytes,engine_read_bytes_delta,engine_write_bytes,engine_write_bytes_delta,solver_dir,solver_file_count,solver_latest_file,solver_latest_write,safe_ret_code,initial_ngmesh_exists,setup1bef_rec_g3d_exists,license_log_write,new_license_error_count
"2026-06-02 14:39:12","23156","2026-06-02 14:10:47","True","3.578","","9333","","110","","43581479","","123269","","C:\Users\ymt\AppData\Local\Temp\maxwell_LAPTOP-AJJKNQJR_23156.pjt","20","Setup1_env.dump","2026-06-02 14:10:51","9999","False","False","2026-06-02 14:39:04","0"
"2026-06-02 14:39:49","23156","2026-06-02 14:10:47","True","3.672","","9530","","111","","43599323","","123277","","C:\Users\ymt\AppData\Local\Temp\maxwell_LAPTOP-AJJKNQJR_23156.pjt","20","Setup1_env.dump","2026-06-02 14:10:51","9999","False","False","2026-06-02 14:39:04","0"
"2026-06-02 14:49:49","23156","2026-06-02 14:10:47","True","4.984","1.312","13040","3510","131","20","43919723","320400","125107","1830","C:\Users\ymt\AppData\Local\Temp\maxwell_LAPTOP-AJJKNQJR_23156.pjt","20","Setup1_env.dump","2026-06-02 14:10:51","9999","False","False","2026-06-02 14:49:09","4"
"2026-06-02 14:56:22","23156","2026-06-02 14:10:47","True","5.625","","14669","","144","","44067919","","126380","","C:\Users\ymt\AppData\Local\Temp\maxwell_LAPTOP-AJJKNQJR_23156.pjt","20","Setup1_env.dump","2026-06-02 14:10:51","9999","False","False","2026-06-02 14:56:13","0"
"2026-06-02 14:56:38","23156","2026-06-02 14:10:47","True","5.656","","14670","","144","","44068010","","126380","","C:\Users\ymt\AppData\Local\Temp\maxwell_LAPTOP-AJJKNQJR_23156.pjt","20","Setup1_env.dump","2026-06-02 14:10:51","9999","False","False","2026-06-02 14:56:13","0"
"2026-06-02 15:06:38","23156","2026-06-02 14:10:47","True","6.453","0.797","15459","789","162","18","44228839","160829","128194","1814","C:\Users\ymt\AppData\Local\Temp\maxwell_LAPTOP-AJJKNQJR_23156.pjt","20","Setup1_env.dump","2026-06-02 14:10:51","9999","False","False","2026-06-02 15:06:19","0"
"2026-06-02 15:16:38","23156","2026-06-02 14:10:47","True","7.625","1.172","16631","1172","182","20","44334661","105822","130024","1830","C:\Users\ymt\AppData\Local\Temp\maxwell_LAPTOP-AJJKNQJR_23156.pjt","20","Setup1_env.dump","2026-06-02 14:10:51","9999","False","False","2026-06-02 15:16:24","0"
"2026-06-02 15:26:38","23156","2026-06-02 14:10:47","True","8.734","1.109","18421","1790","202","20","44500951","166290","131854","1830","C:\Users\ymt\AppData\Local\Temp\maxwell_LAPTOP-AJJKNQJR_23156.pjt","20","Setup1_env.dump","2026-06-02 14:10:51","9999","False","False","2026-06-02 15:26:30","0"
"2026-06-02 15:36:38","23156","2026-06-02 14:10:47","True","9.75","1.016","20383","1962","222","20","44678936","177985","133684","1830","C:\Users\ymt\AppData\Local\Temp\maxwell_LAPTOP-AJJKNQJR_23156.pjt","20","Setup1_env.dump","2026-06-02 14:10:51","9999","False","False","2026-06-02 15:36:35","0"
"2026-06-02 15:46:39","23156","2026-06-02 14:10:47","True","10.578","0.828","22196","1813","241","19","44843180","164244","135339","1655","C:\Users\ymt\AppData\Local\Temp\maxwell_LAPTOP-AJJKNQJR_23156.pjt","20","Setup1_env.dump","2026-06-02 14:10:51","9999","False","False","2026-06-02 15:45:39","0"
"2026-06-02 15:56:39","23156","2026-06-02 14:10:47","True","11.547","0.969","22402","206","260","19","44915582","72402","137161","1822","C:\Users\ymt\AppData\Local\Temp\maxwell_LAPTOP-AJJKNQJR_23156.pjt","20","Setup1_env.dump","2026-06-02 14:10:51","9999","False","False","2026-06-02 15:55:45","0"
"2026-06-02 16:06:39","23156","2026-06-02 14:10:47","True","12.703","1.156","23105","703","279","19","44992895","77313","138983","1822","C:\Users\ymt\AppData\Local\Temp\maxwell_LAPTOP-AJJKNQJR_23156.pjt","20","Setup1_env.dump","2026-06-02 14:10:51","9999","False","False","2026-06-02 16:05:51","0"
"2026-06-02 16:22:41","26208","2026-06-02 16:16:52","True","1.562","","2431","","67","","42665635","","119030","","C:\Users\ymt\AppData\Local\Temp\maxwell_LAPTOP-AJJKNQJR_26208.pjt","20","Setup1_env.dump","2026-06-02 16:16:55","9999","False","False","2026-06-02 16:21:57","0"
"2026-06-02 16:23:41","26208","2026-06-02 16:16:52","True","1.703","0.141","2767","336","68","1","42696503","30868","119205","175","C:\Users\ymt\AppData\Local\Temp\maxwell_LAPTOP-AJJKNQJR_26208.pjt","20","Setup1_env.dump","2026-06-02 16:16:55","9999","False","False","2026-06-02 16:22:57","0"
"2026-06-02 16:24:41","26208","2026-06-02 16:16:52","True","1.844","0.141","3051","284","70","2","42722251","25748","119388","183","C:\Users\ymt\AppData\Local\Temp\maxwell_LAPTOP-AJJKNQJR_26208.pjt","20","Setup1_env.dump","2026-06-02 16:16:55","9999","False","False","2026-06-02 16:23:58","0"
"2026-06-02 16:25:41","26208","2026-06-02 16:16:52","True","1.969","0.125","3499","448","72","2","42765302","43051","119571","183","C:\Users\ymt\AppData\Local\Temp\maxwell_LAPTOP-AJJKNQJR_26208.pjt","20","Setup1_env.dump","2026-06-02 16:16:55","9999","False","False","2026-06-02 16:24:58","0"
"2026-06-02 16:26:42","26208","2026-06-02 16:16:52","True","2.016","0.047","4032","533","74","2","42831922","66620","119754","183","C:\Users\ymt\AppData\Local\Temp\maxwell_LAPTOP-AJJKNQJR_26208.pjt","20","Setup1_env.dump","2026-06-02 16:16:55","9999","False","False","2026-06-02 16:25:59","0"
"2026-06-02 16:27:42","26208","2026-06-02 16:16:52","True","2.172","0.156","4569","537","76","2","42911598","79676","119937","183","C:\Users\ymt\AppData\Local\Temp\maxwell_LAPTOP-AJJKNQJR_26208.pjt","20","Setup1_env.dump","2026-06-02 16:16:55","9999","False","False","2026-06-02 16:27:00","0"
"2026-06-02 16:28:42","26208","2026-06-02 16:16:52","True","2.297","0.125","5111","542","78","2","42993506","81908","120120","183","C:\Users\ymt\AppData\Local\Temp\maxwell_LAPTOP-AJJKNQJR_26208.pjt","20","Setup1_env.dump","2026-06-02 16:16:55","9999","False","False","2026-06-02 16:28:00","0"
"2026-06-02 16:29:42","26208","2026-06-02 16:16:52","True","2.344","0.047","5646","535","80","2","43068316","74810","120303","183","C:\Users\ymt\AppData\Local\Temp\maxwell_LAPTOP-AJJKNQJR_26208.pjt","20","Setup1_env.dump","2026-06-02 16:16:55","9999","False","False","2026-06-02 16:29:01","0"
"2026-06-02 16:30:42","26208","2026-06-02 16:16:52","True","2.438","0.094","6187","541","82","2","43149496","81180","120486","183","C:\Users\ymt\AppData\Local\Temp\maxwell_LAPTOP-AJJKNQJR_26208.pjt","20","Setup1_env.dump","2026-06-02 16:16:55","9999","False","False","2026-06-02 16:30:02","0"
"2026-06-02 16:31:42","26208","2026-06-02 16:16:52","True","2.516","0.078","6471","284","84","2","43192456","42960","120669","183","C:\Users\ymt\AppData\Local\Temp\maxwell_LAPTOP-AJJKNQJR_26208.pjt","20","Setup1_env.dump","2026-06-02 16:16:55","9999","False","False","2026-06-02 16:31:02","0"
"2026-06-02 16:32:42","26208","2026-06-02 16:16:52","True","2.578","0.062","6507","36","86","2","43215665","23209","120852","183","C:\Users\ymt\AppData\Local\Temp\maxwell_LAPTOP-AJJKNQJR_26208.pjt","20","Setup1_env.dump","2026-06-02 16:16:55","9999","False","False","2026-06-02 16:32:03","0"
"2026-06-02 16:33:42","26208","2026-06-02 16:16:52","True","2.656","0.078","6776","269","87","1","43313999","98334","121027","175","C:\Users\ymt\AppData\Local\Temp\maxwell_LAPTOP-AJJKNQJR_26208.pjt","20","Setup1_env.dump","2026-06-02 16:16:55","9999","False","False","2026-06-02 16:33:04","0"
"2026-06-02 16:34:42","26208","2026-06-02 16:16:52","True","2.703","0.047","6989","213","89","2","43333625","19626","121210","183","C:\Users\ymt\AppData\Local\Temp\maxwell_LAPTOP-AJJKNQJR_26208.pjt","20","Setup1_env.dump","2026-06-02 16:16:55","9999","False","False","2026-06-02 16:34:04","0"
"2026-06-02 16:35:42","26208","2026-06-02 16:16:52","True","2.797","0.094","7101","112","91","2","43343717","10092","121393","183","C:\Users\ymt\AppData\Local\Temp\maxwell_LAPTOP-AJJKNQJR_26208.pjt","20","Setup1_env.dump","2026-06-02 16:16:55","9999","False","False","2026-06-02 16:35:05","0"
"2026-06-02 16:38:34","","","","","","","","","","","","","","","","","","","","","",""
"2026-06-02 16:39:34","","","","","","","","","","","","","","","","","","","","","",""
"2026-06-02 16:40:34","","","","","","","","","","","","","","","","","","","","","",""
"2026-06-02 16:41:34","","","","","","","","","","","","","","","","","","","","","",""
"2026-06-02 17:38:39","3636","2026-06-02 16:43:13","True","7.328","","16012","","162","","44424098","","127971","","C:\Users\ymt\AppData\Local\Temp\maxwell_LAPTOP-AJJKNQJR_3636.pjt","20","Setup1_env.dump","2026-06-02 16:43:16","9999","False","False","2026-06-02 17:37:41","0"
"2026-06-02 17:39:40","3636","2026-06-02 16:43:13","True","7.484","0.156","16223","211","164","2","44443307","19209","128154","183","C:\Users\ymt\AppData\Local\Temp\maxwell_LAPTOP-AJJKNQJR_3636.pjt","20","Setup1_env.dump","2026-06-02 16:43:16","9999","False","False","2026-06-02 17:38:42","0"
"2026-06-02 17:40:40","3636","2026-06-02 16:43:13","True","7.641","0.157","16482","259","166","2","44466793","23486","128337","183","C:\Users\ymt\AppData\Local\Temp\maxwell_LAPTOP-AJJKNQJR_3636.pjt","20","Setup1_env.dump","2026-06-02 16:43:16","9999","False","False","2026-06-02 17:39:42","0"
"2026-06-02 17:41:40","3636","2026-06-02 16:43:13","True","7.703","0.062","16707","225","168","2","44487276","20483","128520","183","C:\Users\ymt\AppData\Local\Temp\maxwell_LAPTOP-AJJKNQJR_3636.pjt","20","Setup1_env.dump","2026-06-02 16:43:16","9999","False","False","2026-06-02 17:40:43","0"
"2026-06-02 17:42:40","3636","2026-06-02 16:43:13","True","7.812","0.109","16962","255","170","2","44510671","23395","128703","183","C:\Users\ymt\AppData\Local\Temp\maxwell_LAPTOP-AJJKNQJR_3636.pjt","20","Setup1_env.dump","2026-06-02 16:43:16","9999","False","False","2026-06-02 17:41:43","0"
"2026-06-02 17:43:40","3636","2026-06-02 16:43:13","True","7.953","0.141","17243","281","172","2","44536250","25579","128886","183","C:\Users\ymt\AppData\Local\Temp\maxwell_LAPTOP-AJJKNQJR_3636.pjt","20","Setup1_env.dump","2026-06-02 16:43:16","9999","False","False","2026-06-02 17:42:44","0"
"2026-06-02 17:44:40","3636","2026-06-02 16:43:13","True","8.031","0.078","17467","224","174","2","44556733","20483","129069","183","C:\Users\ymt\AppData\Local\Temp\maxwell_LAPTOP-AJJKNQJR_3636.pjt","20","Setup1_env.dump","2026-06-02 16:43:16","9999","False","False","2026-06-02 17:43:44","0"
"2026-06-02 17:45:40","3636","2026-06-02 16:43:13","True","8.172","0.141","17719","252","176","2","44579764","23031","129252","183","C:\Users\ymt\AppData\Local\Temp\maxwell_LAPTOP-AJJKNQJR_3636.pjt","20","Setup1_env.dump","2026-06-02 16:43:16","9999","False","False","2026-06-02 17:44:45","0"
"2026-06-02 17:46:40","3636","2026-06-02 16:43:13","True","8.281","0.109","17971","252","178","2","44602613","22849","129435","183","C:\Users\ymt\AppData\Local\Temp\maxwell_LAPTOP-AJJKNQJR_3636.pjt","20","Setup1_env.dump","2026-06-02 16:43:16","9999","False","False","2026-06-02 17:45:46","0"
"2026-06-02 17:47:40","3636","2026-06-02 16:43:13","True","8.422","0.141","18166","195","180","2","44620548","17935","129618","183","C:\Users\ymt\AppData\Local\Temp\maxwell_LAPTOP-AJJKNQJR_3636.pjt","20","Setup1_env.dump","2026-06-02 16:43:16","9999","False","False","2026-06-02 17:46:46","0"
"2026-06-02 17:48:41","3636","2026-06-02 16:43:13","True","8.5","0.078","18440","274","182","2","44645581","25033","129801","183","C:\Users\ymt\AppData\Local\Temp\maxwell_LAPTOP-AJJKNQJR_3636.pjt","20","Setup1_env.dump","2026-06-02 16:43:16","9999","False","False","2026-06-02 17:47:46","0"
"2026-06-02 17:49:41","3636","2026-06-02 16:43:13","True","8.562","0.062","18655","215","184","2","44665063","19482","129984","183","C:\Users\ymt\AppData\Local\Temp\maxwell_LAPTOP-AJJKNQJR_3636.pjt","20","Setup1_env.dump","2026-06-02 16:43:16","9999","False","False","2026-06-02 17:48:47","0"
"2026-06-02 17:50:41","3636","2026-06-02 16:43:13","True","8.734","0.172","18858","203","186","2","44683453","18390","130167","183","C:\Users\ymt\AppData\Local\Temp\maxwell_LAPTOP-AJJKNQJR_3636.pjt","20","Setup1_env.dump","2026-06-02 16:43:16","9999","False","False","2026-06-02 17:49:47","0"
"2026-06-02 17:51:41","3636","2026-06-02 16:43:13","True","8.797","0.063","19052","194","188","2","44705070","21617","130350","183","C:\Users\ymt\AppData\Local\Temp\maxwell_LAPTOP-AJJKNQJR_3636.pjt","20","Setup1_env.dump","2026-06-02 16:43:16","9999","False","False","2026-06-02 17:50:48","0"
"2026-06-02 17:52:41","3636","2026-06-02 16:43:13","True","8.938","0.14","19202","150","190","2","44718637","13567","130533","183","C:\Users\ymt\AppData\Local\Temp\maxwell_LAPTOP-AJJKNQJR_3636.pjt","20","Setup1_env.dump","2026-06-02 16:43:16","9999","False","False","2026-06-02 17:51:48","0"
"2026-06-02 17:53:41","3636","2026-06-02 16:43:13","True","9.031","0.093","19205","3","192","2","44718827","190","130716","183","C:\Users\ymt\AppData\Local\Temp\maxwell_LAPTOP-AJJKNQJR_3636.pjt","20","Setup1_env.dump","2026-06-02 16:43:16","9999","False","False","2026-06-02 17:52:48","0"
"2026-06-02 17:54:41","3636","2026-06-02 16:43:13","True","9.156","0.125","19209","4","194","2","44719108","281","130899","183","C:\Users\ymt\AppData\Local\Temp\maxwell_LAPTOP-AJJKNQJR_3636.pjt","20","Setup1_env.dump","2026-06-02 16:43:16","9999","False","False","2026-06-02 17:53:49","0"
"2026-06-02 17:55:41","3636","2026-06-02 16:43:13","True","9.234","0.078","19215","6","196","2","44719569","461","131082","183","C:\Users\ymt\AppData\Local\Temp\maxwell_LAPTOP-AJJKNQJR_3636.pjt","20","Setup1_env.dump","2026-06-02 16:43:16","9999","False","False","2026-06-02 17:54:49","0"
"2026-06-02 17:56:41","3636","2026-06-02 16:43:13","True","9.328","0.094","19400","185","197","1","44793830","74261","131257","175","C:\Users\ymt\AppData\Local\Temp\maxwell_LAPTOP-AJJKNQJR_3636.pjt","20","Setup1_env.dump","2026-06-02 16:43:16","9999","False","False","2026-06-02 17:55:50","0"
"2026-06-02 17:57:41","3636","2026-06-02 16:43:13","True","9.422","0.094","19550","150","198","1","44807330","13500","131432","175","C:\Users\ymt\AppData\Local\Temp\maxwell_LAPTOP-AJJKNQJR_3636.pjt","20","Setup1_env.dump","2026-06-02 16:43:16","9999","False","False","2026-06-02 17:56:50","0"
"2026-06-02 17:58:42","3636","2026-06-02 16:43:13","True","9.578","0.156","19700","150","200","2","44820748","13418","131615","183","C:\Users\ymt\AppData\Local\Temp\maxwell_LAPTOP-AJJKNQJR_3636.pjt","20","Setup1_env.dump","2026-06-02 16:43:16","9999","False","False","2026-06-02 17:57:51","0"
"2026-06-02 17:59:42","3636","2026-06-02 16:43:13","True","9.719","0.141","19777","77","202","2","44827776","7028","131798","183","C:\Users\ymt\AppData\Local\Temp\maxwell_LAPTOP-AJJKNQJR_3636.pjt","20","Setup1_env.dump","2026-06-02 16:43:16","9999","False","False","2026-06-02 17:58:51","0"
"2026-06-02 18:00:42","3636","2026-06-02 16:43:13","True","9.891","0.172","19839","62","204","2","44833335","5559","131981","183","C:\Users\ymt\AppData\Local\Temp\maxwell_LAPTOP-AJJKNQJR_3636.pjt","20","Setup1_env.dump","2026-06-02 16:43:16","9999","False","False","2026-06-02 17:59:52","0"
"2026-06-02 18:01:42","3636","2026-06-02 16:43:13","True","10.156","0.265","19920","81","206","2","44840623","7288","132164","183","C:\Users\ymt\AppData\Local\Temp\maxwell_LAPTOP-AJJKNQJR_3636.pjt","20","Setup1_env.dump","2026-06-02 16:43:16","9999","False","False","2026-06-02 18:00:52","0"
"2026-06-02 18:02:42","3636","2026-06-02 16:43:13","True","10.234","0.078","20011","91","208","2","44848821","8198","132347","183","C:\Users\ymt\AppData\Local\Temp\maxwell_LAPTOP-AJJKNQJR_3636.pjt","20","Setup1_env.dump","2026-06-02 16:43:16","9999","False","False","2026-06-02 18:01:53","0"
"2026-06-02 18:03:42","3636","2026-06-02 16:43:13","True","10.344","0.11","20113","102","210","2","44858020","9199","132530","183","C:\Users\ymt\AppData\Local\Temp\maxwell_LAPTOP-AJJKNQJR_3636.pjt","20","Setup1_env.dump","2026-06-02 16:43:16","9999","False","False","2026-06-02 18:02:53","0"
"2026-06-02 18:04:42","3636","2026-06-02 16:43:13","True","10.484","0.14","20216","103","212","2","44867310","9290","132713","183","C:\Users\ymt\AppData\Local\Temp\maxwell_LAPTOP-AJJKNQJR_3636.pjt","20","Setup1_env.dump","2026-06-02 16:43:16","9999","False","False","2026-06-02 18:03:54","0"
"2026-06-02 18:05:42","3636","2026-06-02 16:43:13","True","10.578","0.094","20325","109","214","2","44877146","9836","132896","183","C:\Users\ymt\AppData\Local\Temp\maxwell_LAPTOP-AJJKNQJR_3636.pjt","20","Setup1_env.dump","2026-06-02 16:43:16","9999","False","False","2026-06-02 18:04:54","0"
"2026-06-02 18:06:42","3636","2026-06-02 16:43:13","True","10.703","0.125","20458","133","216","2","44889166","12020","133079","183","C:\Users\ymt\AppData\Local\Temp\maxwell_LAPTOP-AJJKNQJR_3636.pjt","20","Setup1_env.dump","2026-06-02 16:43:16","9999","False","False","2026-06-02 18:05:55","0"
"2026-06-02 18:07:42","3636","2026-06-02 16:43:13","True","10.844","0.141","20606","148","218","2","44902551","13385","133262","183","C:\Users\ymt\AppData\Local\Temp\maxwell_LAPTOP-AJJKNQJR_3636.pjt","20","Setup1_env.dump","2026-06-02 16:43:16","9999","False","False","2026-06-02 18:06:55","0"
"2026-06-02 18:08:43","3636","2026-06-02 16:43:13","True","10.906","0.062","20748","142","220","2","44915390","12839","133445","183","C:\Users\ymt\AppData\Local\Temp\maxwell_LAPTOP-AJJKNQJR_3636.pjt","20","Setup1_env.dump","2026-06-02 16:43:16","9999","False","False","2026-06-02 18:07:56","0"
"2026-06-02 18:09:43","3636","2026-06-02 16:43:13","True","11.031","0.125","20940","192","222","2","44932779","17389","133628","183","C:\Users\ymt\AppData\Local\Temp\maxwell_LAPTOP-AJJKNQJR_3636.pjt","20","Setup1_env.dump","2026-06-02 16:43:16","9999","False","False","2026-06-02 18:08:56","0"
"2026-06-02 18:10:43","3636","2026-06-02 16:43:13","True","11.141","0.11","21097","157","224","2","44946983","14204","133811","183","C:\Users\ymt\AppData\Local\Temp\maxwell_LAPTOP-AJJKNQJR_3636.pjt","20","Setup1_env.dump","2026-06-02 16:43:16","9999","False","False","2026-06-02 18:09:57","0"
"2026-06-02 18:11:43","3636","2026-06-02 16:43:13","True","11.281","0.14","21257","160","226","2","44961460","14477","133994","183","C:\Users\ymt\AppData\Local\Temp\maxwell_LAPTOP-AJJKNQJR_3636.pjt","20","Setup1_env.dump","2026-06-02 16:43:16","9999","False","False","2026-06-02 18:10:57","0"
"2026-06-02 18:12:43","3636","2026-06-02 16:43:13","True","11.375","0.094","21410","153","228","2","44975391","13931","134177","183","C:\Users\ymt\AppData\Local\Temp\maxwell_LAPTOP-AJJKNQJR_3636.pjt","20","Setup1_env.dump","2026-06-02 16:43:16","9999","False","False","2026-06-02 18:11:58","0"
"2026-06-02 18:13:43","3636","2026-06-02 16:43:13","True","11.406","0.031","21578","168","230","2","44990596","15205","134360","183","C:\Users\ymt\AppData\Local\Temp\maxwell_LAPTOP-AJJKNQJR_3636.pjt","20","Setup1_env.dump","2026-06-02 16:43:16","9999","False","False","2026-06-02 18:12:58","0"
"2026-06-02 18:14:43","3636","2026-06-02 16:43:13","True","11.516","0.11","21781","203","232","2","45009168","18572","134543","183","C:\Users\ymt\AppData\Local\Temp\maxwell_LAPTOP-AJJKNQJR_3636.pjt","20","Setup1_env.dump","2026-06-02 16:43:16","9999","False","False","2026-06-02 18:13:58","0"
"2026-06-02 18:15:43","3636","2026-06-02 16:43:13","True","11.625","0.109","21957","176","234","2","45025101","15933","134726","183","C:\Users\ymt\AppData\Local\Temp\maxwell_LAPTOP-AJJKNQJR_3636.pjt","20","Setup1_env.dump","2026-06-02 16:43:16","9999","False","False","2026-06-02 18:14:59","0"
"2026-06-02 18:16:43","3636","2026-06-02 16:43:13","True","11.734","0.109","22162","205","236","2","45043855","18754","134909","183","C:\Users\ymt\AppData\Local\Temp\maxwell_LAPTOP-AJJKNQJR_3636.pjt","20","Setup1_env.dump","2026-06-02 16:43:16","9999","False","False","2026-06-02 18:15:59","0"
"2026-06-02 18:17:43","3636","2026-06-02 16:43:13","True","11.828","0.094","22338","176","238","2","45059788","15933","135092","183","C:\Users\ymt\AppData\Local\Temp\maxwell_LAPTOP-AJJKNQJR_3636.pjt","20","Setup1_env.dump","2026-06-02 16:43:16","9999","False","False","2026-06-02 18:16:59","0"
"2026-06-02 18:18:43","3636","2026-06-02 16:43:13","True","11.953","0.125","22541","203","240","2","45078178","18390","135275","183","C:\Users\ymt\AppData\Local\Temp\maxwell_LAPTOP-AJJKNQJR_3636.pjt","20","Setup1_env.dump","2026-06-02 16:43:16","9999","False","False","2026-06-02 18:18:00","0"
"2026-06-02 18:19:44","3636","2026-06-02 16:43:13","True","12.047","0.094","22712","171","242","2","45093656","15478","135458","183","C:\Users\ymt\AppData\Local\Temp\maxwell_LAPTOP-AJJKNQJR_3636.pjt","20","Setup1_env.dump","2026-06-02 16:43:16","9999","False","False","2026-06-02 18:19:01","0"
"2026-06-02 18:20:44","3636","2026-06-02 16:43:13","True","12.094","0.047","22932","220","244","2","45117823","24167","135641","183","C:\Users\ymt\AppData\Local\Temp\maxwell_LAPTOP-AJJKNQJR_3636.pjt","20","Setup1_env.dump","2026-06-02 16:43:16","9999","False","False","2026-06-02 18:20:01","0"
"2026-06-02 18:21:44","3636","2026-06-02 16:43:13","True","12.188","0.094","23132","200","246","2","45135940","18117","135824","183","C:\Users\ymt\AppData\Local\Temp\maxwell_LAPTOP-AJJKNQJR_3636.pjt","20","Setup1_env.dump","2026-06-02 16:43:16","9999","False","False","2026-06-02 18:21:02","0"
"2026-06-02 18:22:44","3636","2026-06-02 16:43:13","True","12.266","0.078","23352","220","248","2","45156150","20210","136007","183","C:\Users\ymt\AppData\Local\Temp\maxwell_LAPTOP-AJJKNQJR_3636.pjt","20","Setup1_env.dump","2026-06-02 16:43:16","9999","False","False","2026-06-02 18:22:02","0"
"2026-06-02 18:23:44","3636","2026-06-02 16:43:13","True","12.406","0.14","23566","214","250","2","45175541","19391","136190","183","C:\Users\ymt\AppData\Local\Temp\maxwell_LAPTOP-AJJKNQJR_3636.pjt","20","Setup1_env.dump","2026-06-02 16:43:16","9999","False","False","2026-06-02 18:23:02","0"
"2026-06-02 18:24:44","3636","2026-06-02 16:43:13","True","12.531","0.125","23718","152","252","2","45189381","13840","136373","183","C:\Users\ymt\AppData\Local\Temp\maxwell_LAPTOP-AJJKNQJR_3636.pjt","20","Setup1_env.dump","2026-06-02 16:43:16","9999","False","False","2026-06-02 18:24:03","0"
"2026-06-02 18:25:44","3636","2026-06-02 16:43:13","True","12.703","0.172","23883","165","254","2","45204313","14932","136556","183","C:\Users\ymt\AppData\Local\Temp\maxwell_LAPTOP-AJJKNQJR_3636.pjt","20","Setup1_env.dump","2026-06-02 16:43:16","9999","False","False","2026-06-02 18:25:03","0"
"2026-06-02 18:26:44","3636","2026-06-02 16:43:13","True","12.844","0.141","24088","205","256","2","45223158","18845","136739","183","C:\Users\ymt\AppData\Local\Temp\maxwell_LAPTOP-AJJKNQJR_3636.pjt","20","Setup1_env.dump","2026-06-02 16:43:16","9999","False","False","2026-06-02 18:26:04","0"
"2026-06-02 18:27:44","3636","2026-06-02 16:43:13","True","12.891","0.047","24295","207","258","2","45241912","18754","136922","183","C:\Users\ymt\AppData\Local\Temp\maxwell_LAPTOP-AJJKNQJR_3636.pjt","20","Setup1_env.dump","2026-06-02 16:43:16","9999","False","False","2026-06-02 18:27:04","0"
"2026-06-02 18:28:44","3636","2026-06-02 16:43:13","True","13.016","0.125","24516","221","260","2","45262122","20210","137105","183","C:\Users\ymt\AppData\Local\Temp\maxwell_LAPTOP-AJJKNQJR_3636.pjt","20","Setup1_env.dump","2026-06-02 16:43:16","9999","False","False","2026-06-02 18:28:05","0"
"2026-06-02 18:29:44","3636","2026-06-02 16:43:13","True","13.109","0.093","24763","247","262","2","45284516","22394","137288","183","C:\Users\ymt\AppData\Local\Temp\maxwell_LAPTOP-AJJKNQJR_3636.pjt","20","Setup1_env.dump","2026-06-02 16:43:16","9999","False","False","2026-06-02 18:29:05","0"
"2026-06-02 18:30:45","3636","2026-06-02 16:43:13","True","13.188","0.079","24956","193","264","2","45302087","17571","137471","183","C:\Users\ymt\AppData\Local\Temp\maxwell_LAPTOP-AJJKNQJR_3636.pjt","20","Setup1_env.dump","2026-06-02 16:43:16","9999","False","False","2026-06-02 18:30:05","0"
"2026-06-02 18:31:45","3636","2026-06-02 16:43:13","True","13.266","0.078","25205","249","266","2","45324936","22849","137654","183","C:\Users\ymt\AppData\Local\Temp\maxwell_LAPTOP-AJJKNQJR_3636.pjt","20","Setup1_env.dump","2026-06-02 16:43:16","9999","False","False","2026-06-02 18:31:06","0"
"2026-06-02 18:32:45","3636","2026-06-02 16:43:13","True","13.312","0.046","25400","195","268","2","45342598","17662","137837","183","C:\Users\ymt\AppData\Local\Temp\maxwell_LAPTOP-AJJKNQJR_3636.pjt","20","Setup1_env.dump","2026-06-02 16:43:16","9999","False","False","2026-06-02 18:32:06","0"
"2026-06-02 18:33:45","3636","2026-06-02 16:43:13","True","13.375","0.063","25573","173","270","2","45358258","15660","138020","183","C:\Users\ymt\AppData\Local\Temp\maxwell_LAPTOP-AJJKNQJR_3636.pjt","20","Setup1_env.dump","2026-06-02 16:43:16","9999","False","False","2026-06-02 18:33:06","0"
"2026-06-02 18:34:45","3636","2026-06-02 16:43:13","True","13.453","0.078","25576","3","272","2","45358448","190","138203","183","C:\Users\ymt\AppData\Local\Temp\maxwell_LAPTOP-AJJKNQJR_3636.pjt","20","Setup1_env.dump","2026-06-02 16:43:16","9999","False","False","2026-06-02 18:34:07","0"
"2026-06-02 18:35:45","3636","2026-06-02 16:43:13","True","13.531","0.078","25580","4","274","2","45358729","281","138386","183","C:\Users\ymt\AppData\Local\Temp\maxwell_LAPTOP-AJJKNQJR_3636.pjt","20","Setup1_env.dump","2026-06-02 16:43:16","9999","False","False","2026-06-02 18:35:07","0"
"2026-06-02 18:36:46","3636","2026-06-02 16:43:13","True","13.609","0.078","25584","4","276","2","45359010","281","138569","183","C:\Users\ymt\AppData\Local\Temp\maxwell_LAPTOP-AJJKNQJR_3636.pjt","20","Setup1_env.dump","2026-06-02 16:43:16","9999","False","False","2026-06-02 18:36:08","0"
"2026-06-02 18:37:46","3636","2026-06-02 16:43:13","True","13.734","0.125","25788","204","278","2","45429532","70522","138752","183","C:\Users\ymt\AppData\Local\Temp\maxwell_LAPTOP-AJJKNQJR_3636.pjt","20","Setup1_env.dump","2026-06-02 16:43:16","9999","False","False","2026-06-02 18:37:08","0"
"2026-06-02 18:38:46","3636","2026-06-02 16:43:13","True","13.781","0.047","25904","116","279","1","45439972","10440","138927","175","C:\Users\ymt\AppData\Local\Temp\maxwell_LAPTOP-AJJKNQJR_3636.pjt","20","Setup1_env.dump","2026-06-02 16:43:16","9999","False","False","2026-06-02 18:38:09","0"
"2026-06-02 18:39:46","3636","2026-06-02 16:43:13","True","13.875","0.094","26023","119","281","2","45450600","10628","139110","183","C:\Users\ymt\AppData\Local\Temp\maxwell_LAPTOP-AJJKNQJR_3636.pjt","20","Setup1_env.dump","2026-06-02 16:43:16","9999","False","False","2026-06-02 18:39:09","0"
"2026-06-02 18:40:46","3636","2026-06-02 16:43:13","True","13.922","0.047","26136","113","283","2","45460687","10087","139293","183","C:\Users\ymt\AppData\Local\Temp\maxwell_LAPTOP-AJJKNQJR_3636.pjt","20","Setup1_env.dump","2026-06-02 16:43:16","9999","False","False","2026-06-02 18:40:09","0"
"2026-06-02 18:41:46","3636","2026-06-02 16:43:13","True","13.969","0.047","26178","42","285","2","45464574","3887","139476","183","C:\Users\ymt\AppData\Local\Temp\maxwell_LAPTOP-AJJKNQJR_3636.pjt","20","Setup1_env.dump","2026-06-02 16:43:16","9999","False","False","2026-06-02 18:41:10","0"
"2026-06-02 18:42:46","3636","2026-06-02 16:43:13","True","14.062","0.094","26246","68","287","2","45470679","6105","139659","183","C:\Users\ymt\AppData\Local\Temp\maxwell_LAPTOP-AJJKNQJR_3636.pjt","20","Setup1_env.dump","2026-06-02 16:43:16","9999","False","False","2026-06-02 18:42:10","0"
"2026-06-02 18:43:46","3636","2026-06-02 16:43:13","True","14.172","0.11","26316","70","289","2","45476966","6287","139842","183","C:\Users\ymt\AppData\Local\Temp\maxwell_LAPTOP-AJJKNQJR_3636.pjt","20","Setup1_env.dump","2026-06-02 16:43:16","9999","False","False","2026-06-02 18:43:10","0"
"2026-06-02 18:44:47","3636","2026-06-02 16:43:13","True","14.25","0.078","26389","73","291","2","45483526","6560","140025","183","C:\Users\ymt\AppData\Local\Temp\maxwell_LAPTOP-AJJKNQJR_3636.pjt","20","Setup1_env.dump","2026-06-02 16:43:16","9999","False","False","2026-06-02 18:44:11","0"
"2026-06-02 18:45:47","3636","2026-06-02 16:43:13","True","14.438","0.188","26468","79","293","2","45490632","7106","140208","183","C:\Users\ymt\AppData\Local\Temp\maxwell_LAPTOP-AJJKNQJR_3636.pjt","20","Setup1_env.dump","2026-06-02 16:43:16","9999","False","False","2026-06-02 18:45:11","0"
"2026-06-02 18:46:47","3636","2026-06-02 16:43:13","True","14.5","0.062","26551","83","295","2","45498102","7470","140391","183","C:\Users\ymt\AppData\Local\Temp\maxwell_LAPTOP-AJJKNQJR_3636.pjt","20","Setup1_env.dump","2026-06-02 16:43:16","9999","False","False","2026-06-02 18:46:11","0"
"2026-06-02 18:47:47","3636","2026-06-02 16:43:13","True","14.578","0.078","26641","90","297","2","45506209","8107","140574","183","C:\Users\ymt\AppData\Local\Temp\maxwell_LAPTOP-AJJKNQJR_3636.pjt","20","Setup1_env.dump","2026-06-02 16:43:16","9999","False","False","2026-06-02 18:47:12","0"
"2026-06-02 18:48:47","3636","2026-06-02 16:43:13","True","14.672","0.094","26737","96","299","2","45518909","12700","140757","183","C:\Users\ymt\AppData\Local\Temp\maxwell_LAPTOP-AJJKNQJR_3636.pjt","20","Setup1_env.dump","2026-06-02 16:43:16","9999","False","False","2026-06-02 18:48:12","0"
"2026-06-02 18:49:47","3636","2026-06-02 16:43:13","True","14.812","0.14","26851","114","301","2","45529200","10291","140940","183","C:\Users\ymt\AppData\Local\Temp\maxwell_LAPTOP-AJJKNQJR_3636.pjt","20","Setup1_env.dump","2026-06-02 16:43:16","9999","False","False","2026-06-02 18:49:12","0"
"2026-06-02 18:50:47","3636","2026-06-02 16:43:13","True","14.922","0.11","26977","126","303","2","45540583","11383","141123","183","C:\Users\ymt\AppData\Local\Temp\maxwell_LAPTOP-AJJKNQJR_3636.pjt","20","Setup1_env.dump","2026-06-02 16:43:16","9999","False","False","2026-06-02 18:50:13","0"
"2026-06-02 18:51:47","3636","2026-06-02 16:43:13","True","15.031","0.109","27085","108","305","2","45550328","9745","141306","183","C:\Users\ymt\AppData\Local\Temp\maxwell_LAPTOP-AJJKNQJR_3636.pjt","20","Setup1_env.dump","2026-06-02 16:43:16","9999","False","False","2026-06-02 18:51:13","0"
"2026-06-02 18:52:48","3636","2026-06-02 16:43:13","True","15.203","0.172","27224","139","307","2","45562894","12566","141489","183","C:\Users\ymt\AppData\Local\Temp\maxwell_LAPTOP-AJJKNQJR_3636.pjt","20","Setup1_env.dump","2026-06-02 16:43:16","9999","False","False","2026-06-02 18:52:13","0"
"2026-06-02 18:53:48","3636","2026-06-02 16:43:13","True","15.281","0.078","27378","154","309","2","45576825","13931","141672","183","C:\Users\ymt\AppData\Local\Temp\maxwell_LAPTOP-AJJKNQJR_3636.pjt","20","Setup1_env.dump","2026-06-02 16:43:16","9999","False","False","2026-06-02 18:53:14","0"
"2026-06-02 18:54:48","3636","2026-06-02 16:43:13","True","15.391","0.11","27500","122","311","2","45587844","11019","141855","183","C:\Users\ymt\AppData\Local\Temp\maxwell_LAPTOP-AJJKNQJR_3636.pjt","20","Setup1_env.dump","2026-06-02 16:43:16","9999","False","False","2026-06-02 18:54:14","0"
"2026-06-02 18:55:48","3636","2026-06-02 16:43:13","True","15.609","0.218","27672","172","313","2","45603413","15569","142038","183","C:\Users\ymt\AppData\Local\Temp\maxwell_LAPTOP-AJJKNQJR_3636.pjt","20","Setup1_env.dump","2026-06-02 16:43:16","9999","False","False","2026-06-02 18:55:14","0"
"2026-06-02 18:56:49","3636","2026-06-02 16:43:13","True","15.75","0.141","27814","142","315","2","45616252","12839","142221","183","C:\Users\ymt\AppData\Local\Temp\maxwell_LAPTOP-AJJKNQJR_3636.pjt","20","Setup1_env.dump","2026-06-02 16:43:16","9999","False","False","2026-06-02 18:56:15","0"
"2026-06-02 18:57:49","3636","2026-06-02 16:43:13","True","15.828","0.078","27968","154","317","2","45630183","13931","142404","183","C:\Users\ymt\AppData\Local\Temp\maxwell_LAPTOP-AJJKNQJR_3636.pjt","20","Setup1_env.dump","2026-06-02 16:43:16","9999","False","False","2026-06-02 18:57:15","0"
"2026-06-02 18:58:49","3636","2026-06-02 16:43:13","True","15.906","0.078","28147","179","319","2","45646480","16297","142587","183","C:\Users\ymt\AppData\Local\Temp\maxwell_LAPTOP-AJJKNQJR_3636.pjt","20","Setup1_env.dump","2026-06-02 16:43:16","9999","False","False","2026-06-02 18:58:15","0"
"2026-06-02 18:59:49","3636","2026-06-02 16:43:13","True","15.984","0.078","28254","107","321","2","45656134","9654","142770","183","C:\Users\ymt\AppData\Local\Temp\maxwell_LAPTOP-AJJKNQJR_3636.pjt","20","Setup1_env.dump","2026-06-02 16:43:16","9999","False","False","2026-06-02 18:59:16","0"
"2026-06-02 19:00:49","3636","2026-06-02 16:43:13","True","16.031","0.047","28401","147","323","2","45669428","13294","142953","183","C:\Users\ymt\AppData\Local\Temp\maxwell_LAPTOP-AJJKNQJR_3636.pjt","20","Setup1_env.dump","2026-06-02 16:43:16","9999","False","False","2026-06-02 19:00:16","0"
"2026-06-02 19:01:49","3636","2026-06-02 16:43:13","True","16.141","0.11","28547","146","325","2","45682631","13203","143136","183","C:\Users\ymt\AppData\Local\Temp\maxwell_LAPTOP-AJJKNQJR_3636.pjt","20","Setup1_env.dump","2026-06-02 16:43:16","9999","False","False","2026-06-02 19:01:17","0"
"2026-06-02 19:02:49","3636","2026-06-02 16:43:13","True","16.297","0.156","28655","108","327","2","45692376","9745","143319","183","C:\Users\ymt\AppData\Local\Temp\maxwell_LAPTOP-AJJKNQJR_3636.pjt","20","Setup1_env.dump","2026-06-02 16:43:16","9999","False","False","2026-06-02 19:02:17","0"
"2026-06-02 19:03:49","3636","2026-06-02 16:43:13","True","16.406","0.109","28810","155","329","2","45706398","14022","143502","183","C:\Users\ymt\AppData\Local\Temp\maxwell_LAPTOP-AJJKNQJR_3636.pjt","20","Setup1_env.dump","2026-06-02 16:43:16","9999","False","False","2026-06-02 19:03:17","0"
"2026-06-02 19:04:49","3636","2026-06-02 16:43:13","True","16.438","0.032","28942","132","331","2","45718418","12020","143685","183","C:\Users\ymt\AppData\Local\Temp\maxwell_LAPTOP-AJJKNQJR_3636.pjt","20","Setup1_env.dump","2026-06-02 16:43:16","9999","False","False","2026-06-02 19:04:17","0"
"2026-06-02 19:05:49","3636","2026-06-02 16:43:13","True","16.609","0.171","29055","113","333","2","45728618","10200","143868","183","C:\Users\ymt\AppData\Local\Temp\maxwell_LAPTOP-AJJKNQJR_3636.pjt","20","Setup1_env.dump","2026-06-02 16:43:16","9999","False","False","2026-06-02 19:05:18","0"
"2026-06-02 19:06:49","3636","2026-06-02 16:43:13","True","16.703","0.094","29213","158","335","2","45742913","14295","144051","183","C:\Users\ymt\AppData\Local\Temp\maxwell_LAPTOP-AJJKNQJR_3636.pjt","20","Setup1_env.dump","2026-06-02 16:43:16","9999","False","False","2026-06-02 19:06:18","0"
"2026-06-02 19:07:50","3636","2026-06-02 16:43:13","True","16.781","0.078","29354","141","337","2","45755752","12839","144234","183","C:\Users\ymt\AppData\Local\Temp\maxwell_LAPTOP-AJJKNQJR_3636.pjt","20","Setup1_env.dump","2026-06-02 16:43:16","9999","False","False","2026-06-02 19:07:19","0"
"2026-06-02 19:08:50","3636","2026-06-02 16:43:13","True","16.891","0.11","29510","156","339","2","45769865","14113","144417","183","C:\Users\ymt\AppData\Local\Temp\maxwell_LAPTOP-AJJKNQJR_3636.pjt","20","Setup1_env.dump","2026-06-02 16:43:16","9999","False","False","2026-06-02 19:08:19","0"
"2026-06-02 19:09:50","3636","2026-06-02 16:43:13","True","16.969","0.078","29695","185","341","2","45786708","16843","144600","183","C:\Users\ymt\AppData\Local\Temp\maxwell_LAPTOP-AJJKNQJR_3636.pjt","20","Setup1_env.dump","2026-06-02 16:43:16","9999","False","False","2026-06-02 19:09:19","0"
"2026-06-02 19:10:50","3636","2026-06-02 16:43:13","True","17.141","0.172","29832","137","343","2","45799092","12384","144783","183","C:\Users\ymt\AppData\Local\Temp\maxwell_LAPTOP-AJJKNQJR_3636.pjt","20","Setup1_env.dump","2026-06-02 16:43:16","9999","False","False","2026-06-02 19:10:20","0"
"2026-06-02 19:11:50","3636","2026-06-02 16:43:13","True","17.234","0.093","30027","195","345","2","45816754","17662","144966","183","C:\Users\ymt\AppData\Local\Temp\maxwell_LAPTOP-AJJKNQJR_3636.pjt","20","Setup1_env.dump","2026-06-02 16:43:16","9999","False","False","2026-06-02 19:11:20","0"
"2026-06-02 19:12:50","3636","2026-06-02 16:43:13","True","17.422","0.188","30162","135","347","2","45829138","12384","145149","183","C:\Users\ymt\AppData\Local\Temp\maxwell_LAPTOP-AJJKNQJR_3636.pjt","20","Setup1_env.dump","2026-06-02 16:43:16","9999","False","False","2026-06-02 19:12:20","0"
"2026-06-02 19:13:50","3636","2026-06-02 16:43:13","True","17.562","0.14","30341","179","349","2","45845344","16206","145332","183","C:\Users\ymt\AppData\Local\Temp\maxwell_LAPTOP-AJJKNQJR_3636.pjt","20","Setup1_env.dump","2026-06-02 16:43:16","9999","False","False","2026-06-02 19:13:21","0"
"2026-06-02 19:14:50","3636","2026-06-02 16:43:13","True","17.703","0.141","30504","163","351","2","45860276","14932","145515","183","C:\Users\ymt\AppData\Local\Temp\maxwell_LAPTOP-AJJKNQJR_3636.pjt","20","Setup1_env.dump","2026-06-02 16:43:16","9999","False","False","2026-06-02 19:14:21","0"
"2026-06-02 19:15:50","3636","2026-06-02 16:43:13","True","17.766","0.063","30660","156","353","2","45874389","14113","145698","183","C:\Users\ymt\AppData\Local\Temp\maxwell_LAPTOP-AJJKNQJR_3636.pjt","20","Setup1_env.dump","2026-06-02 16:43:16","9999","False","False","2026-06-02 19:15:21","0"
"2026-06-02 19:16:50","3636","2026-06-02 16:43:13","True","17.859","0.093","30844","184","355","2","45891141","16752","145881","183","C:\Users\ymt\AppData\Local\Temp\maxwell_LAPTOP-AJJKNQJR_3636.pjt","20","Setup1_env.dump","2026-06-02 16:43:16","9999","False","False","2026-06-02 19:16:22","0"
"2026-06-02 19:17:51","3636","2026-06-02 16:43:13","True","18.016","0.157","30978","134","357","2","45903252","12111","146064","183","C:\Users\ymt\AppData\Local\Temp\maxwell_LAPTOP-AJJKNQJR_3636.pjt","20","Setup1_env.dump","2026-06-02 16:43:16","9999","False","False","2026-06-02 19:17:22","0"
"2026-06-02 19:18:51","3636","2026-06-02 16:43:13","True","18.094","0.078","31177","199","359","2","45921278","18026","146247","183","C:\Users\ymt\AppData\Local\Temp\maxwell_LAPTOP-AJJKNQJR_3636.pjt","20","Setup1_env.dump","2026-06-02 16:43:16","9999","False","False","2026-06-02 19:18:22","0"
"2026-06-02 19:19:51","3636","2026-06-02 16:43:13","True","18.188","0.093","31312","135","361","2","45933571","12293","146430","183","C:\Users\ymt\AppData\Local\Temp\maxwell_LAPTOP-AJJKNQJR_3636.pjt","20","Setup1_env.dump","2026-06-02 16:43:16","9999","False","False","2026-06-02 19:19:22","0"
"2026-06-02 19:20:51","3636","2026-06-02 16:43:13","True","18.312","0.125","31492","180","363","2","45949868","16297","146613","183","C:\Users\ymt\AppData\Local\Temp\maxwell_LAPTOP-AJJKNQJR_3636.pjt","20","Setup1_env.dump","2026-06-02 16:43:16","9999","False","False","2026-06-02 19:20:23","0"
"2026-06-02 19:21:51","3636","2026-06-02 16:43:13","True","18.422","0.11","31583","91","365","2","45958066","8198","146796","183","C:\Users\ymt\AppData\Local\Temp\maxwell_LAPTOP-AJJKNQJR_3636.pjt","20","Setup1_env.dump","2026-06-02 16:43:16","9999","False","False","2026-06-02 19:21:23","0"
"2026-06-02 19:22:51","3636","2026-06-02 16:43:13","True","18.547","0.125","31586","3","367","2","45958256","190","146979","183","C:\Users\ymt\AppData\Local\Temp\maxwell_LAPTOP-AJJKNQJR_3636.pjt","20","Setup1_env.dump","2026-06-02 16:43:16","9999","False","False","2026-06-02 19:22:23","0"
"2026-06-02 19:23:51","3636","2026-06-02 16:43:13","True","18.641","0.094","31589","3","369","2","45958446","190","147162","183","C:\Users\ymt\AppData\Local\Temp\maxwell_LAPTOP-AJJKNQJR_3636.pjt","20","Setup1_env.dump","2026-06-02 16:43:16","9999","False","False","2026-06-02 19:23:24","0"
"2026-06-02 19:24:51","3636","2026-06-02 16:43:13","True","18.75","0.109","31593","4","371","2","45958727","281","147345","183","C:\Users\ymt\AppData\Local\Temp\maxwell_LAPTOP-AJJKNQJR_3636.pjt","20","Setup1_env.dump","2026-06-02 16:43:16","9999","False","False","2026-06-02 19:24:24","0"
"2026-06-02 19:25:51","3636","2026-06-02 16:43:13","True","18.797","0.047","31598","5","373","2","45959098","371","147528","183","C:\Users\ymt\AppData\Local\Temp\maxwell_LAPTOP-AJJKNQJR_3636.pjt","20","Setup1_env.dump","2026-06-02 16:43:16","9999","False","False","2026-06-02 19:25:24","0"
"2026-06-02 19:26:51","3636","2026-06-02 16:43:13","True","18.891","0.094","31877","279","374","1","46034188","75090","147703","175","C:\Users\ymt\AppData\Local\Temp\maxwell_LAPTOP-AJJKNQJR_3636.pjt","20","Setup1_env.dump","2026-06-02 16:43:16","9999","False","False","2026-06-02 19:26:24","0"
"2026-06-02 19:27:51","3636","2026-06-02 16:43:13","True","18.984","0.093","31962","85","376","2","46041756","7568","147886","183","C:\Users\ymt\AppData\Local\Temp\maxwell_LAPTOP-AJJKNQJR_3636.pjt","20","Setup1_env.dump","2026-06-02 16:43:16","9999","False","False","2026-06-02 19:27:25","0"
"2026-06-02 19:28:52","3636","2026-06-02 16:43:13","True","19.125","0.141","32046","84","378","2","46049234","7478","148069","183","C:\Users\ymt\AppData\Local\Temp\maxwell_LAPTOP-AJJKNQJR_3636.pjt","20","Setup1_env.dump","2026-06-02 16:43:16","9999","False","False","2026-06-02 19:28:25","0"
"2026-06-02 19:29:52","3636","2026-06-02 16:43:13","True","19.266","0.141","32131","85","380","2","46056802","7568","148252","183","C:\Users\ymt\AppData\Local\Temp\maxwell_LAPTOP-AJJKNQJR_3636.pjt","20","Setup1_env.dump","2026-06-02 16:43:16","9999","False","False","2026-06-02 19:29:25","0"
"2026-06-02 19:30:52","3636","2026-06-02 16:43:13","True","19.391","0.125","32211","80","382","2","46064009","7207","148435","183","C:\Users\ymt\AppData\Local\Temp\maxwell_LAPTOP-AJJKNQJR_3636.pjt","20","Setup1_env.dump","2026-06-02 16:43:16","9999","False","False","2026-06-02 19:30:26","0"
"2026-06-02 19:31:52","3636","2026-06-02 16:43:13","True","19.484","0.093","32240","29","384","2","46066630","2621","148618","183","C:\Users\ymt\AppData\Local\Temp\maxwell_LAPTOP-AJJKNQJR_3636.pjt","20","Setup1_env.dump","2026-06-02 16:43:16","9999","False","False","2026-06-02 19:31:26","0"
"2026-06-02 19:32:52","3636","2026-06-02 16:43:13","True","19.562","0.078","32295","55","386","2","46071552","4922","148801","183","C:\Users\ymt\AppData\Local\Temp\maxwell_LAPTOP-AJJKNQJR_3636.pjt","20","Setup1_env.dump","2026-06-02 16:43:16","9999","False","False","2026-06-02 19:32:27","0"
"2026-06-02 19:33:52","3636","2026-06-02 16:43:13","True","19.625","0.063","32352","57","388","2","46076656","5104","148984","183","C:\Users\ymt\AppData\Local\Temp\maxwell_LAPTOP-AJJKNQJR_3636.pjt","20","Setup1_env.dump","2026-06-02 16:43:16","9999","False","False","2026-06-02 19:33:27","0"
"2026-06-02 19:34:52","3636","2026-06-02 16:43:13","True","19.75","0.125","32410","58","390","2","46081851","5195","149167","183","C:\Users\ymt\AppData\Local\Temp\maxwell_LAPTOP-AJJKNQJR_3636.pjt","20","Setup1_env.dump","2026-06-02 16:43:16","9999","False","False","2026-06-02 19:34:27","0"
"2026-06-02 19:35:52","3636","2026-06-02 16:43:13","True","19.828","0.078","32471","61","392","2","46087319","5468","149350","183","C:\Users\ymt\AppData\Local\Temp\maxwell_LAPTOP-AJJKNQJR_3636.pjt","20","Setup1_env.dump","2026-06-02 16:43:16","9999","False","False","2026-06-02 19:35:28","0"
"2026-06-02 19:36:52","3636","2026-06-02 16:43:13","True","19.922","0.094","32537","66","394","2","46093242","5923","149533","183","C:\Users\ymt\AppData\Local\Temp\maxwell_LAPTOP-AJJKNQJR_3636.pjt","20","Setup1_env.dump","2026-06-02 16:43:16","9999","False","False","2026-06-02 19:36:28","0"
"2026-06-02 19:37:52","3636","2026-06-02 16:43:13","True","20","0.078","32603","66","396","2","46099165","5923","149716","183","C:\Users\ymt\AppData\Local\Temp\maxwell_LAPTOP-AJJKNQJR_3636.pjt","20","Setup1_env.dump","2026-06-02 16:43:16","9999","False","False","2026-06-02 19:37:28","0"
"2026-06-02 19:38:52","3636","2026-06-02 16:43:13","True","20.109","0.109","32677","74","398","2","46105816","6651","149899","183","C:\Users\ymt\AppData\Local\Temp\maxwell_LAPTOP-AJJKNQJR_3636.pjt","20","Setup1_env.dump","2026-06-02 16:43:16","9999","False","False","2026-06-02 19:38:29","0"
"2026-06-02 19:39:53","3636","2026-06-02 16:43:13","True","20.25","0.141","32750","73","400","2","46112376","6560","150082","183","C:\Users\ymt\AppData\Local\Temp\maxwell_LAPTOP-AJJKNQJR_3636.pjt","20","Setup1_env.dump","2026-06-02 16:43:16","9999","False","False","2026-06-02 19:39:29","0"
"2026-06-02 19:40:53","3636","2026-06-02 16:43:13","True","20.375","0.125","32836","86","402","2","46120119","7743","150265","183","C:\Users\ymt\AppData\Local\Temp\maxwell_LAPTOP-AJJKNQJR_3636.pjt","20","Setup1_env.dump","2026-06-02 16:43:16","9999","False","False","2026-06-02 19:40:30","0"
"2026-06-02 19:41:53","3636","2026-06-02 16:43:13","True","20.516","0.141","32929","93","404","2","46128499","8380","150448","183","C:\Users\ymt\AppData\Local\Temp\maxwell_LAPTOP-AJJKNQJR_3636.pjt","20","Setup1_env.dump","2026-06-02 16:43:16","9999","False","False","2026-06-02 19:41:30","0"
"2026-06-02 19:42:53","3636","2026-06-02 16:43:13","True","20.609","0.093","33036","107","406","2","46138153","9654","150631","183","C:\Users\ymt\AppData\Local\Temp\maxwell_LAPTOP-AJJKNQJR_3636.pjt","20","Setup1_env.dump","2026-06-02 16:43:16","9999","False","False","2026-06-02 19:42:30","0"
"2026-06-02 19:43:53","3636","2026-06-02 16:43:13","True","20.75","0.141","33121","85","408","2","46145805","7652","150814","183","C:\Users\ymt\AppData\Local\Temp\maxwell_LAPTOP-AJJKNQJR_3636.pjt","20","Setup1_env.dump","2026-06-02 16:43:16","9999","False","False","2026-06-02 19:43:31","0"
"2026-06-02 19:44:53","3636","2026-06-02 16:43:13","True","20.844","0.094","33229","108","410","2","46155550","9745","150997","183","C:\Users\ymt\AppData\Local\Temp\maxwell_LAPTOP-AJJKNQJR_3636.pjt","20","Setup1_env.dump","2026-06-02 16:43:16","9999","False","False","2026-06-02 19:44:31","0"
"2026-06-02 19:45:53","3636","2026-06-02 16:43:13","True","20.953","0.109","33358","129","412","2","46167206","11656","151180","183","C:\Users\ymt\AppData\Local\Temp\maxwell_LAPTOP-AJJKNQJR_3636.pjt","20","Setup1_env.dump","2026-06-02 16:43:16","9999","False","False","2026-06-02 19:45:31","0"
"2026-06-02 19:46:53","3636","2026-06-02 16:43:13","True","21.078","0.125","33472","114","414","2","46177497","10291","151363","183","C:\Users\ymt\AppData\Local\Temp\maxwell_LAPTOP-AJJKNQJR_3636.pjt","20","Setup1_env.dump","2026-06-02 16:43:16","9999","False","False","2026-06-02 19:46:31","0"
"2026-06-02 19:47:53","3636","2026-06-02 16:43:13","True","21.25","0.172","33574","102","416","2","46186696","9199","151546","183","C:\Users\ymt\AppData\Local\Temp\maxwell_LAPTOP-AJJKNQJR_3636.pjt","20","Setup1_env.dump","2026-06-02 16:43:16","9999","False","False","2026-06-02 19:47:32","0"
"2026-06-02 19:48:53","3636","2026-06-02 16:43:13","True","21.359","0.109","33720","146","418","2","46199899","13203","151729","183","C:\Users\ymt\AppData\Local\Temp\maxwell_LAPTOP-AJJKNQJR_3636.pjt","20","Setup1_env.dump","2026-06-02 16:43:16","9999","False","False","2026-06-02 19:48:32","0"
"2026-06-02 19:49:54","3636","2026-06-02 16:43:13","True","21.484","0.125","33850","130","420","2","46211646","11747","151912","183","C:\Users\ymt\AppData\Local\Temp\maxwell_LAPTOP-AJJKNQJR_3636.pjt","20","Setup1_env.dump","2026-06-02 16:43:16","9999","False","False","2026-06-02 19:49:32","0"
"2026-06-02 19:50:54","3636","2026-06-02 16:43:13","True","21.672","0.188","33958","108","422","2","46221391","9745","152095","183","C:\Users\ymt\AppData\Local\Temp\maxwell_LAPTOP-AJJKNQJR_3636.pjt","20","Setup1_env.dump","2026-06-02 16:43:16","9999","False","False","2026-06-02 19:50:33","0"
"2026-06-02 19:51:54","3636","2026-06-02 16:43:13","True","21.781","0.109","34117","159","424","2","46235777","14386","152278","183","C:\Users\ymt\AppData\Local\Temp\maxwell_LAPTOP-AJJKNQJR_3636.pjt","20","Setup1_env.dump","2026-06-02 16:43:16","9999","False","False","2026-06-02 19:51:33","0"
"2026-06-02 19:52:54","3636","2026-06-02 16:43:13","True","21.906","0.125","34248","131","426","2","46247615","11838","152461","183","C:\Users\ymt\AppData\Local\Temp\maxwell_LAPTOP-AJJKNQJR_3636.pjt","20","Setup1_env.dump","2026-06-02 16:43:16","9999","False","False","2026-06-02 19:52:33","0"
"2026-06-02 19:53:54","3636","2026-06-02 16:43:13","True","22","0.094","34362","114","428","2","46257906","10291","152644","183","C:\Users\ymt\AppData\Local\Temp\maxwell_LAPTOP-AJJKNQJR_3636.pjt","20","Setup1_env.dump","2026-06-02 16:43:16","9999","False","False","2026-06-02 19:53:33","0"
"2026-06-02 19:54:54","3636","2026-06-02 16:43:13","True","22.125","0.125","34526","164","430","2","46272747","14841","152827","183","C:\Users\ymt\AppData\Local\Temp\maxwell_LAPTOP-AJJKNQJR_3636.pjt","20","Setup1_env.dump","2026-06-02 16:43:16","9999","False","False","2026-06-02 19:54:34","0"
"2026-06-02 19:55:54","3636","2026-06-02 16:43:13","True","22.234","0.109","34647","121","432","2","46283766","11019","153010","183","C:\Users\ymt\AppData\Local\Temp\maxwell_LAPTOP-AJJKNQJR_3636.pjt","20","Setup1_env.dump","2026-06-02 16:43:16","9999","False","False","2026-06-02 19:55:34","0"
"2026-06-02 19:56:54","3636","2026-06-02 16:43:13","True","22.359","0.125","34774","127","434","2","46295240","11474","153193","183","C:\Users\ymt\AppData\Local\Temp\maxwell_LAPTOP-AJJKNQJR_3636.pjt","20","Setup1_env.dump","2026-06-02 16:43:16","9999","False","False","2026-06-02 19:56:34","0"
"2026-06-02 19:57:54","3636","2026-06-02 16:43:13","True","22.422","0.063","34938","164","436","2","46310081","14841","153376","183","C:\Users\ymt\AppData\Local\Temp\maxwell_LAPTOP-AJJKNQJR_3636.pjt","20","Setup1_env.dump","2026-06-02 16:43:16","9999","False","False","2026-06-02 19:57:35","0"
"2026-06-02 19:58:54","3636","2026-06-02 16:43:13","True","22.594","0.172","35049","111","438","2","46320190","10109","153559","183","C:\Users\ymt\AppData\Local\Temp\maxwell_LAPTOP-AJJKNQJR_3636.pjt","20","Setup1_env.dump","2026-06-02 16:43:16","9999","False","False","2026-06-02 19:58:35","0"
"2026-06-02 19:59:54","3636","2026-06-02 16:43:13","True","22.688","0.093","35188","139","440","2","46332756","12566","153742","183","C:\Users\ymt\AppData\Local\Temp\maxwell_LAPTOP-AJJKNQJR_3636.pjt","20","Setup1_env.dump","2026-06-02 16:43:16","9999","False","False","2026-06-02 19:59:35","0"
"2026-06-02 20:00:55","3636","2026-06-02 16:43:13","True","22.797","0.109","35355","167","442","2","46347870","15114","153925","183","C:\Users\ymt\AppData\Local\Temp\maxwell_LAPTOP-AJJKNQJR_3636.pjt","20","Setup1_env.dump","2026-06-02 16:43:16","9999","False","False","2026-06-02 20:00:36","0"
"2026-06-02 20:01:55","3636","2026-06-02 16:43:13","True","22.891","0.094","35458","103","444","2","46357160","9290","154108","183","C:\Users\ymt\AppData\Local\Temp\maxwell_LAPTOP-AJJKNQJR_3636.pjt","20","Setup1_env.dump","2026-06-02 16:43:16","9999","False","False","2026-06-02 20:01:36","0"
"2026-06-02 20:02:55","3636","2026-06-02 16:43:13","True","22.953","0.062","35601","143","446","2","46370090","12930","154291","183","C:\Users\ymt\AppData\Local\Temp\maxwell_LAPTOP-AJJKNQJR_3636.pjt","20","Setup1_env.dump","2026-06-02 16:43:16","9999","False","False","2026-06-02 20:02:36","0"
"2026-06-02 20:03:55","3636","2026-06-02 16:43:13","True","23.047","0.094","35758","157","448","2","46384385","14295","154474","183","C:\Users\ymt\AppData\Local\Temp\maxwell_LAPTOP-AJJKNQJR_3636.pjt","20","Setup1_env.dump","2026-06-02 16:43:16","9999","False","False","2026-06-02 20:03:37","0"
"2026-06-02 20:04:55","3636","2026-06-02 16:43:13","True","23.094","0.047","35871","113","450","2","46394585","10200","154657","183","C:\Users\ymt\AppData\Local\Temp\maxwell_LAPTOP-AJJKNQJR_3636.pjt","20","Setup1_env.dump","2026-06-02 16:43:16","9999","False","False","2026-06-02 20:04:37","0"
"2026-06-02 20:05:55","3636","2026-06-02 16:43:13","True","23.188","0.093","36028","157","452","2","46408789","14204","154840","183","C:\Users\ymt\AppData\Local\Temp\maxwell_LAPTOP-AJJKNQJR_3636.pjt","20","Setup1_env.dump","2026-06-02 16:43:16","9999","False","False","2026-06-02 20:05:38","0"
"2026-06-02 20:06:55","3636","2026-06-02 16:43:13","True","23.312","0.125","36169","141","454","2","46421628","12839","155023","183","C:\Users\ymt\AppData\Local\Temp\maxwell_LAPTOP-AJJKNQJR_3636.pjt","20","Setup1_env.dump","2026-06-02 16:43:16","9999","False","False","2026-06-02 20:06:38","0"
"2026-06-02 20:07:55","3636","2026-06-02 16:43:13","True","23.359","0.047","36285","116","456","2","46432101","10473","155206","183","C:\Users\ymt\AppData\Local\Temp\maxwell_LAPTOP-AJJKNQJR_3636.pjt","20","Setup1_env.dump","2026-06-02 16:43:16","9999","False","False","2026-06-02 20:07:39","0"
"2026-06-02 20:08:55","3636","2026-06-02 16:43:13","True","23.547","0.188","36451","166","458","2","46447124","15023","155389","183","C:\Users\ymt\AppData\Local\Temp\maxwell_LAPTOP-AJJKNQJR_3636.pjt","20","Setup1_env.dump","2026-06-02 16:43:16","9999","False","False","2026-06-02 20:08:39","0"
"2026-06-02 20:09:55","3636","2026-06-02 16:43:13","True","23.703","0.156","36574","123","460","2","46458325","11201","155572","183","C:\Users\ymt\AppData\Local\Temp\maxwell_LAPTOP-AJJKNQJR_3636.pjt","20","Setup1_env.dump","2026-06-02 16:43:16","9999","False","False","2026-06-02 20:09:40","0"
"2026-06-02 20:10:55","3636","2026-06-02 16:43:13","True","23.859","0.156","36703","129","462","2","46469981","11656","155755","183","C:\Users\ymt\AppData\Local\Temp\maxwell_LAPTOP-AJJKNQJR_3636.pjt","20","Setup1_env.dump","2026-06-02 16:43:16","9999","False","False","2026-06-02 20:10:40","0"
"2026-06-02 20:11:56","3636","2026-06-02 16:43:13","True","23.938","0.078","36864","161","464","2","46484549","14568","155938","183","C:\Users\ymt\AppData\Local\Temp\maxwell_LAPTOP-AJJKNQJR_3636.pjt","20","Setup1_env.dump","2026-06-02 16:43:16","9999","False","False","2026-06-02 20:11:41","0"
"2026-06-02 20:12:56","3636","2026-06-02 16:43:13","True","24.109","0.171","36977","113","466","2","46494840","10291","156121","183","C:\Users\ymt\AppData\Local\Temp\maxwell_LAPTOP-AJJKNQJR_3636.pjt","20","Setup1_env.dump","2026-06-02 16:43:16","9999","False","False","2026-06-02 20:12:41","0"
"2026-06-02 20:13:56","3636","2026-06-02 16:43:13","True","24.172","0.063","37116","139","468","2","46507406","12566","156304","183","C:\Users\ymt\AppData\Local\Temp\maxwell_LAPTOP-AJJKNQJR_3636.pjt","20","Setup1_env.dump","2026-06-02 16:43:16","9999","False","False","2026-06-02 20:13:41","0"
"2026-06-02 20:14:56","3636","2026-06-02 16:43:13","True","24.234","0.062","37280","164","470","2","46522338","14932","156487","183","C:\Users\ymt\AppData\Local\Temp\maxwell_LAPTOP-AJJKNQJR_3636.pjt","20","Setup1_env.dump","2026-06-02 16:43:16","9999","False","False","2026-06-02 20:14:42","0"
"2026-06-02 20:15:56","3636","2026-06-02 16:43:13","True","24.344","0.11","37386","106","472","2","46531901","9563","156670","183","C:\Users\ymt\AppData\Local\Temp\maxwell_LAPTOP-AJJKNQJR_3636.pjt","20","Setup1_env.dump","2026-06-02 16:43:16","9999","False","False","2026-06-02 20:15:42","0"
"2026-06-02 20:16:56","3636","2026-06-02 16:43:13","True","24.453","0.109","37534","148","474","2","46545286","13385","156853","183","C:\Users\ymt\AppData\Local\Temp\maxwell_LAPTOP-AJJKNQJR_3636.pjt","20","Setup1_env.dump","2026-06-02 16:43:16","9999","False","False","2026-06-02 20:16:43","0"
"2026-06-02 20:17:56","3636","2026-06-02 16:43:13","True","24.547","0.094","37645","111","476","2","46555304","10018","157036","183","C:\Users\ymt\AppData\Local\Temp\maxwell_LAPTOP-AJJKNQJR_3636.pjt","20","Setup1_env.dump","2026-06-02 16:43:16","9999","False","False","2026-06-02 20:17:43","0"
"2026-06-02 20:18:56","3636","2026-06-02 16:43:13","True","24.641","0.094","37647","2","478","2","46555403","99","157219","183","C:\Users\ymt\AppData\Local\Temp\maxwell_LAPTOP-AJJKNQJR_3636.pjt","20","Setup1_env.dump","2026-06-02 16:43:16","9999","False","False","2026-06-02 20:18:44","0"
"2026-06-02 20:19:56","3636","2026-06-02 16:43:13","True","24.734","0.093","37650","3","480","2","46555593","190","157402","183","C:\Users\ymt\AppData\Local\Temp\maxwell_LAPTOP-AJJKNQJR_3636.pjt","20","Setup1_env.dump","2026-06-02 16:43:16","9999","False","False","2026-06-02 20:19:44","0"
"2026-06-02 20:20:56","3636","2026-06-02 16:43:13","True","24.844","0.11","37652","2","482","2","46555692","99","157585","183","C:\Users\ymt\AppData\Local\Temp\maxwell_LAPTOP-AJJKNQJR_3636.pjt","20","Setup1_env.dump","2026-06-02 16:43:16","9999","False","False","2026-06-02 20:20:45","0"
"2026-06-02 20:21:56","3636","2026-06-02 16:43:13","True","24.906","0.062","37656","4","484","2","46555973","281","157768","183","C:\Users\ymt\AppData\Local\Temp\maxwell_LAPTOP-AJJKNQJR_3636.pjt","20","Setup1_env.dump","2026-06-02 16:43:16","9999","False","False","2026-06-02 20:21:45","0"
"2026-06-02 20:22:57","3636","2026-06-02 16:43:13","True","24.984","0.078","37660","4","486","2","46556252","279","157951","183","C:\Users\ymt\AppData\Local\Temp\maxwell_LAPTOP-AJJKNQJR_3636.pjt","20","Setup1_env.dump","2026-06-02 16:43:16","9999","False","False","2026-06-02 20:22:46","0"
"2026-06-02 20:23:57","3636","2026-06-02 16:43:13","True","25.188","0.203","38114","454","717","231","88309017","41752765","1074155","916204","C:\Users\ymt\AppData\Local\Temp\maxwell_LAPTOP-AJJKNQJR_3636.pjt","29","SafeRetCode","2026-06-02 20:23:40","0","True","True","2026-06-02 20:23:46","0"
"2026-06-02 20:24:57","","","","","","","","","","","","","","","","","","","","","",""
"2026-06-02 20:25:57","","","","","","","","","","","","","","","","","","","","","",""
"2026-06-02 20:26:57","","","","","","","","","","","","","","","","","","","","","",""
"2026-06-02 20:27:57","","","","","","","","","","","","","","","","","","","","","",""
"2026-06-02 20:28:57","","","","","","","","","","","","","","","","","","","","","",""
"2026-06-02 20:29:57","","","","","","","","","","","","","","","","","","","","","",""
"2026-06-02 20:30:57","","","","","","","","","","","","","","","","","","","","","",""
"2026-06-02 20:31:57","","","","","","","","","","","","","","","","","","","","","",""
"2026-06-02 20:32:57","","","","","","","","","","","","","","","","","","","","","",""
"2026-06-02 20:33:57","","","","","","","","","","","","","","","","","","","","","",""
"2026-06-02 20:34:57","","","","","","","","","","","","","","","","","","","","","",""
"2026-06-02 20:35:57","","","","","","","","","","","","","","","","","","","","","",""
"2026-06-02 20:36:57","","","","","","","","","","","","","","","","","","","","","",""
"2026-06-02 20:37:57","","","","","","","","","","","","","","","","","","","","","",""
"2026-06-02 20:38:57","","","","","","","","","","","","","","","","","","","","","",""
"2026-06-02 20:39:57","","","","","","","","","","","","","","","","","","","","","",""
"2026-06-02 20:40:57","","","","","","","","","","","","","","","","","","","","","",""
"2026-06-02 20:41:57","","","","","","","","","","","","","","","","","","","","","",""
"2026-06-02 20:42:57","","","","","","","","","","","","","","","","","","","","","",""
"2026-06-02 20:43:57","","","","","","","","","","","","","","","","","","","","","",""
"2026-06-02 20:44:57","","","","","","","","","","","","","","","","","","","","","",""
"2026-06-02 20:45:57","","","","","","","","","","","","","","","","","","","","","",""
"2026-06-02 20:46:57","","","","","","","","","","","","","","","","","","","","","",""
"2026-06-02 20:47:57","","","","","","","","","","","","","","","","","","","","","",""
"2026-06-02 20:48:57","","","","","","","","","","","","","","","","","","","","","",""
"2026-06-02 20:49:57","","","","","","","","","","","","","","","","","","","","","",""
"2026-06-02 20:50:57","","","","","","","","","","","","","","","","","","","","","",""
"2026-06-02 20:51:57","","","","","","","","","","","","","","","","","","","","","",""
"2026-06-02 20:52:57","","","","","","","","","","","","","","","","","","","","","",""
"2026-06-02 20:53:57","","","","","","","","","","","","","","","","","","","","","",""
"2026-06-02 20:54:58","","","","","","","","","","","","","","","","","","","","","",""
"2026-06-02 20:55:58","","","","","","","","","","","","","","","","","","","","","",""
"2026-06-02 20:56:58","","","","","","","","","","","","","","","","","","","","","",""
"2026-06-02 20:57:58","","","","","","","","","","","","","","","","","","","","","",""
"2026-06-02 20:58:58","","","","","","","","","","","","","","","","","","","","","",""
"2026-06-02 20:59:58","","","","","","","","","","","","","","","","","","","","","",""
"2026-06-02 21:00:58","","","","","","","","","","","","","","","","","","","","","",""
"2026-06-02 21:01:58","","","","","","","","","","","","","","","","","","","","","",""
"2026-06-02 21:02:58","","","","","","","","","","","","","","","","","","","","","",""
"2026-06-02 21:03:58","","","","","","","","","","","","","","","","","","","","","",""
"2026-06-02 21:04:58","","","","","","","","","","","","","","","","","","","","","",""
"2026-06-02 21:05:58","","","","","","","","","","","","","","","","","","","","","",""
"2026-06-02 21:06:58","","","","","","","","","","","","","","","","","","","","","",""
"2026-06-02 21:07:58","","","","","","","","","","","","","","","","","","","","","",""
"2026-06-02 21:08:58","","","","","","","","","","","","","","","","","","","","","",""
"2026-06-02 21:09:58","","","","","","","","","","","","","","","","","","","","","",""
"2026-06-02 21:10:58","","","","","","","","","","","","","","","","","","","","","",""
"2026-06-02 21:11:58","","","","","","","","","","","","","","","","","","","","","",""
"2026-06-02 21:12:58","","","","","","","","","","","","","","","","","","","","","",""
"2026-06-02 21:13:58","","","","","","","","","","","","","","","","","","","","","",""
"2026-06-02 21:14:58","","","","","","","","","","","","","","","","","","","","","",""
"2026-06-02 21:15:58","","","","","","","","","","","","","","","","","","","","","",""
"2026-06-02 21:16:58","","","","","","","","","","","","","","","","","","","","","",""
"2026-06-02 21:17:58","","","","","","","","","","","","","","","","","","","","","",""
"2026-06-02 21:18:58","","","","","","","","","","","","","","","","","","","","","",""
"2026-06-02 21:19:58","","","","","","","","","","","","","","","","","","","","","",""
"2026-06-02 21:20:58","","","","","","","","","","","","","","","","","","","","","",""
"2026-06-02 21:21:58","","","","","","","","","","","","","","","","","","","","","",""
"2026-06-02 21:22:58","","","","","","","","","","","","","","","","","","","","","",""
"2026-06-02 21:23:58","","","","","","","","","","","","","","","","","","","","","",""
"2026-06-02 21:24:58","","","","","","","","","","","","","","","","","","","","","",""
"2026-06-02 21:25:58","","","","","","","","","","","","","","","","","","","","","",""
"2026-06-02 21:26:58","","","","","","","","","","","","","","","","","","","","","",""
"2026-06-02 21:27:58","","","","","","","","","","","","","","","","","","","","","",""
"2026-06-02 21:28:58","","","","","","","","","","","","","","","","","","","","","",""
"2026-06-02 21:29:58","","","","","","","","","","","","","","","","","","","","","",""
"2026-06-02 21:30:58","","","","","","","","","","","","","","","","","","","","","",""
"2026-06-02 21:31:58","","","","","","","","","","","","","","","","","","","","","",""
"2026-06-02 21:32:58","","","","","","","","","","","","","","","","","","","","","",""
"2026-06-02 21:33:58","","","","","","","","","","","","","","","","","","","","","",""
"2026-06-02 21:34:58","8952","2026-06-02 21:34:26","True","0.766","","411","","59","","42337112","","118076","","C:\Users\ymt\AppData\Local\Temp\maxwell_LAPTOP-AJJKNQJR_8952.pjt","20","Setup1_env.dump","2026-06-02 21:34:29","9999","False","False","2026-06-02 21:34:28","0"
"2026-06-02 21:35:58","8952","2026-06-02 21:34:26","True","0.875","0.109","911","500","60","1","42428462","91350","118251","175","C:\Users\ymt\AppData\Local\Temp\maxwell_LAPTOP-AJJKNQJR_8952.pjt","20","Setup1_env.dump","2026-06-02 21:34:29","9999","False","False","2026-06-02 21:35:28","0"
"2026-06-02 21:36:59","8952","2026-06-02 21:34:26","True","0.938","0.062","1463","552","62","2","42597580","169118","118434","183","C:\Users\ymt\AppData\Local\Temp\maxwell_LAPTOP-AJJKNQJR_8952.pjt","20","Setup1_env.dump","2026-06-02 21:34:29","9999","False","False","2026-06-02 21:36:29","0"
"2026-06-02 21:37:59","8952","2026-06-02 21:34:26","True","0.984","0.046","2014","551","64","2","42776415","178835","118617","183","C:\Users\ymt\AppData\Local\Temp\maxwell_LAPTOP-AJJKNQJR_8952.pjt","20","Setup1_env.dump","2026-06-02 21:34:29","9999","False","False","2026-06-02 21:37:29","0"
"2026-06-02 21:38:59","8952","2026-06-02 21:34:26","True","1.078","0.094","2099","85","66","2","42825172","48757","118800","183","C:\Users\ymt\AppData\Local\Temp\maxwell_LAPTOP-AJJKNQJR_8952.pjt","20","Setup1_env.dump","2026-06-02 21:34:29","9999","False","False","2026-06-02 21:38:30","0"
"2026-06-02 21:39:59","8952","2026-06-02 21:34:26","True","1.125","0.047","2470","371","67","1","42940784","115612","118975","175","C:\Users\ymt\AppData\Local\Temp\maxwell_LAPTOP-AJJKNQJR_8952.pjt","20","Setup1_env.dump","2026-06-02 21:34:29","9999","False","False","2026-06-02 21:39:31","0"
"2026-06-02 21:40:59","8952","2026-06-02 21:34:26","True","1.156","0.031","2826","356","69","2","42974094","33310","119158","183","C:\Users\ymt\AppData\Local\Temp\maxwell_LAPTOP-AJJKNQJR_8952.pjt","20","Setup1_env.dump","2026-06-02 21:34:29","9999","False","False","2026-06-02 21:40:31","0"
"2026-06-02 21:41:59","8952","2026-06-02 21:34:26","True","1.25","0.094","3351","525","71","2","43030704","56610","119341","183","C:\Users\ymt\AppData\Local\Temp\maxwell_LAPTOP-AJJKNQJR_8952.pjt","20","Setup1_env.dump","2026-06-02 21:34:29","9999","False","False","2026-06-02 21:41:32","0"
"2026-06-02 21:42:59","8952","2026-06-02 21:34:26","True","1.359","0.109","3901","550","73","2","43116070","85366","119524","183","C:\Users\ymt\AppData\Local\Temp\maxwell_LAPTOP-AJJKNQJR_8952.pjt","20","Setup1_env.dump","2026-06-02 21:34:29","9999","False","False","2026-06-02 21:42:32","0"
"2026-06-02 21:43:59","8952","2026-06-02 21:34:26","True","1.531","0.172","4452","551","75","2","43212399","96329","119707","183","C:\Users\ymt\AppData\Local\Temp\maxwell_LAPTOP-AJJKNQJR_8952.pjt","20","Setup1_env.dump","2026-06-02 21:34:29","9999","False","False","2026-06-02 21:43:33","0"
"2026-06-02 21:44:59","8952","2026-06-02 21:34:26","True","1.641","0.11","5002","550","77","2","43303498","91099","119890","183","C:\Users\ymt\AppData\Local\Temp\maxwell_LAPTOP-AJJKNQJR_8952.pjt","20","Setup1_env.dump","2026-06-02 21:34:29","9999","False","False","2026-06-02 21:44:33","0"
"2026-06-02 21:46:00","8952","2026-06-02 21:34:26","True","1.766","0.125","5553","551","79","2","43396508","93010","120073","183","C:\Users\ymt\AppData\Local\Temp\maxwell_LAPTOP-AJJKNQJR_8952.pjt","20","Setup1_env.dump","2026-06-02 21:34:29","9999","False","False","2026-06-02 21:45:34","0"
"2026-06-02 21:47:00","8952","2026-06-02 21:34:26","True","1.812","0.046","5834","281","81","2","43444018","47510","120256","183","C:\Users\ymt\AppData\Local\Temp\maxwell_LAPTOP-AJJKNQJR_8952.pjt","20","Setup1_env.dump","2026-06-02 21:34:29","9999","False","False","2026-06-02 21:46:34","0"
"2026-06-02 21:48:00","8952","2026-06-02 21:34:26","True","1.938","0.125","5916","82","83","2","43529163","85145","120439","183","C:\Users\ymt\AppData\Local\Temp\maxwell_LAPTOP-AJJKNQJR_8952.pjt","20","Setup1_env.dump","2026-06-02 21:34:29","9999","False","False","2026-06-02 21:47:35","0"
"2026-06-02 21:49:00","8952","2026-06-02 21:34:26","True","2.031","0.093","6207","291","84","1","43572850","43687","120614","175","C:\Users\ymt\AppData\Local\Temp\maxwell_LAPTOP-AJJKNQJR_8952.pjt","20","Setup1_env.dump","2026-06-02 21:34:29","9999","False","False","2026-06-02 21:48:35","0"
"2026-06-02 21:50:00","8952","2026-06-02 21:34:26","True","2.094","0.063","6370","163","86","2","43587718","14868","120797","183","C:\Users\ymt\AppData\Local\Temp\maxwell_LAPTOP-AJJKNQJR_8952.pjt","20","Setup1_env.dump","2026-06-02 21:34:29","9999","False","False","2026-06-02 21:49:36","0"
"2026-06-02 21:51:00","8952","2026-06-02 21:34:26","True","2.172","0.078","6546","176","88","2","43603651","15933","120980","183","C:\Users\ymt\AppData\Local\Temp\maxwell_LAPTOP-AJJKNQJR_8952.pjt","20","Setup1_env.dump","2026-06-02 21:34:29","9999","False","False","2026-06-02 21:50:36","0"
"2026-06-02 21:52:00","8952","2026-06-02 21:34:26","True","2.266","0.094","6750","204","90","2","43622132","18481","121163","183","C:\Users\ymt\AppData\Local\Temp\maxwell_LAPTOP-AJJKNQJR_8952.pjt","20","Setup1_env.dump","2026-06-02 21:34:29","9999","False","False","2026-06-02 21:51:37","0"
"2026-06-02 21:53:00","8952","2026-06-02 21:34:26","True","2.359","0.093","6997","247","92","2","43648573","26441","121346","183","C:\Users\ymt\AppData\Local\Temp\maxwell_LAPTOP-AJJKNQJR_8952.pjt","20","Setup1_env.dump","2026-06-02 21:34:29","9999","False","False","2026-06-02 21:52:38","0"
"2026-06-02 21:54:00","8952","2026-06-02 21:34:26","True","2.453","0.094","7291","294","94","2","43675244","26671","121529","183","C:\Users\ymt\AppData\Local\Temp\maxwell_LAPTOP-AJJKNQJR_8952.pjt","20","Setup1_env.dump","2026-06-02 21:34:29","9999","False","False","2026-06-02 21:53:38","0"
"2026-06-02 21:55:01","8952","2026-06-02 21:34:26","True","2.547","0.094","7640","349","96","2","43707193","31949","121712","183","C:\Users\ymt\AppData\Local\Temp\maxwell_LAPTOP-AJJKNQJR_8952.pjt","20","Setup1_env.dump","2026-06-02 21:34:29","9999","False","False","2026-06-02 21:54:39","0"
"2026-06-02 21:56:01","8952","2026-06-02 21:34:26","True","2.625","0.078","8016","376","98","2","43741690","34497","121895","183","C:\Users\ymt\AppData\Local\Temp\maxwell_LAPTOP-AJJKNQJR_8952.pjt","20","Setup1_env.dump","2026-06-02 21:34:29","9999","False","False","2026-06-02 21:55:39","0"
"2026-06-02 21:57:01","8952","2026-06-02 21:34:26","True","2.797","0.172","8404","388","100","2","43777734","36044","122078","183","C:\Users\ymt\AppData\Local\Temp\maxwell_LAPTOP-AJJKNQJR_8952.pjt","20","Setup1_env.dump","2026-06-02 21:34:29","9999","False","False","2026-06-02 21:56:40","0"
"2026-06-02 21:58:01","8952","2026-06-02 21:34:26","True","2.891","0.094","8805","401","102","2","43815143","37409","122261","183","C:\Users\ymt\AppData\Local\Temp\maxwell_LAPTOP-AJJKNQJR_8952.pjt","20","Setup1_env.dump","2026-06-02 21:34:29","9999","False","False","2026-06-02 21:57:40","0"
"2026-06-02 21:59:01","8952","2026-06-02 21:34:26","True","3","0.109","9203","398","104","2","43852734","37591","122444","183","C:\Users\ymt\AppData\Local\Temp\maxwell_LAPTOP-AJJKNQJR_8952.pjt","20","Setup1_env.dump","2026-06-02 21:34:29","9999","False","False","2026-06-02 21:58:41","0"
"2026-06-02 22:00:01","8952","2026-06-02 21:34:26","True","3.141","0.141","9605","402","106","2","43890143","37409","122627","183","C:\Users\ymt\AppData\Local\Temp\maxwell_LAPTOP-AJJKNQJR_8952.pjt","20","Setup1_env.dump","2026-06-02 21:34:29","9999","False","False","2026-06-02 21:59:42","0"
"2026-06-02 22:01:01","8952","2026-06-02 21:34:26","True","3.234","0.093","10018","413","108","2","43929099","38956","122810","183","C:\Users\ymt\AppData\Local\Temp\maxwell_LAPTOP-AJJKNQJR_8952.pjt","20","Setup1_env.dump","2026-06-02 21:34:29","9999","False","False","2026-06-02 22:00:42","0"
"2026-06-02 22:02:01","8952","2026-06-02 21:34:26","True","3.328","0.094","10419","401","110","2","43967054","37955","122993","183","C:\Users\ymt\AppData\Local\Temp\maxwell_LAPTOP-AJJKNQJR_8952.pjt","20","Setup1_env.dump","2026-06-02 21:34:29","9999","False","False","2026-06-02 22:01:43","0"
"2026-06-02 22:03:01","8952","2026-06-02 21:34:26","True","3.422","0.094","10824","405","112","2","44005282","38228","123176","183","C:\Users\ymt\AppData\Local\Temp\maxwell_LAPTOP-AJJKNQJR_8952.pjt","20","Setup1_env.dump","2026-06-02 21:34:29","9999","False","False","2026-06-02 22:02:43","0"
"2026-06-02 22:04:01","8952","2026-06-02 21:34:26","True","3.5","0.078","11240","416","114","2","44044966","39684","123359","183","C:\Users\ymt\AppData\Local\Temp\maxwell_LAPTOP-AJJKNQJR_8952.pjt","20","Setup1_env.dump","2026-06-02 21:34:29","9999","False","False","2026-06-02 22:03:44","0"
"2026-06-02 22:05:02","8952","2026-06-02 21:34:26","True","3.562","0.062","11652","412","116","2","44083467","38501","123542","183","C:\Users\ymt\AppData\Local\Temp\maxwell_LAPTOP-AJJKNQJR_8952.pjt","20","Setup1_env.dump","2026-06-02 21:34:29","9999","False","False","2026-06-02 22:04:44","0"
"2026-06-02 22:06:02","8952","2026-06-02 21:34:26","True","3.672","0.11","12055","403","118","2","44121695","38228","123725","183","C:\Users\ymt\AppData\Local\Temp\maxwell_LAPTOP-AJJKNQJR_8952.pjt","20","Setup1_env.dump","2026-06-02 21:34:29","9999","False","False","2026-06-02 22:05:45","0"
"2026-06-02 22:07:02","8952","2026-06-02 21:34:26","True","3.703","0.031","12067","12","120","2","44122704","1009","123908","183","C:\Users\ymt\AppData\Local\Temp\maxwell_LAPTOP-AJJKNQJR_8952.pjt","20","Setup1_env.dump","2026-06-02 21:34:29","9999","False","False","2026-06-02 22:06:46","0"
"2026-06-02 22:08:02","8952","2026-06-02 21:34:26","True","3.844","0.141","12074","7","122","2","44123257","553","124091","183","C:\Users\ymt\AppData\Local\Temp\maxwell_LAPTOP-AJJKNQJR_8952.pjt","20","Setup1_env.dump","2026-06-02 21:34:29","9999","False","False","2026-06-02 22:07:46","0"
"2026-06-02 22:09:02","8952","2026-06-02 21:34:26","True","3.953","0.109","12265","191","123","1","44206566","83309","124266","175","C:\Users\ymt\AppData\Local\Temp\maxwell_LAPTOP-AJJKNQJR_8952.pjt","20","Setup1_env.dump","2026-06-02 21:34:29","9999","False","False","2026-06-02 22:08:47","0"
"2026-06-02 22:10:02","8952","2026-06-02 21:34:26","True","4","0.047","12447","182","124","1","44222946","16380","124441","175","C:\Users\ymt\AppData\Local\Temp\maxwell_LAPTOP-AJJKNQJR_8952.pjt","20","Setup1_env.dump","2026-06-02 21:34:29","9999","False","False","2026-06-02 22:09:47","0"
"2026-06-02 22:11:02","8952","2026-06-02 21:34:26","True","4.172","0.172","12594","147","126","2","44236363","13417","124624","183","C:\Users\ymt\AppData\Local\Temp\maxwell_LAPTOP-AJJKNQJR_8952.pjt","20","Setup1_env.dump","2026-06-02 21:34:29","9999","False","False","2026-06-02 22:10:48","0"
"2026-06-02 22:12:02","8952","2026-06-02 21:34:26","True","4.266","0.094","12672","78","128","2","44243453","7090","124807","183","C:\Users\ymt\AppData\Local\Temp\maxwell_LAPTOP-AJJKNQJR_8952.pjt","20","Setup1_env.dump","2026-06-02 21:34:29","9999","False","False","2026-06-02 22:11:48","0"
"2026-06-02 22:13:02","8952","2026-06-02 21:34:26","True","4.438","0.172","12788","116","130","2","44253926","10473","124990","183","C:\Users\ymt\AppData\Local\Temp\maxwell_LAPTOP-AJJKNQJR_8952.pjt","20","Setup1_env.dump","2026-06-02 21:34:29","9999","False","False","2026-06-02 22:12:49","0"
"2026-06-02 22:14:02","8952","2026-06-02 21:34:26","True","4.5","0.062","12913","125","132","2","44265218","11292","125173","183","C:\Users\ymt\AppData\Local\Temp\maxwell_LAPTOP-AJJKNQJR_8952.pjt","20","Setup1_env.dump","2026-06-02 21:34:29","9999","False","False","2026-06-02 22:13:49","0"
"2026-06-02 22:15:03","8952","2026-06-02 21:34:26","True","4.641","0.141","13052","139","134","2","44277784","12566","125356","183","C:\Users\ymt\AppData\Local\Temp\maxwell_LAPTOP-AJJKNQJR_8952.pjt","20","Setup1_env.dump","2026-06-02 21:34:29","9999","False","False","2026-06-02 22:14:50","0"
"2026-06-02 22:16:03","8952","2026-06-02 21:34:26","True","4.719","0.078","13208","156","136","2","44291897","14113","125539","183","C:\Users\ymt\AppData\Local\Temp\maxwell_LAPTOP-AJJKNQJR_8952.pjt","20","Setup1_env.dump","2026-06-02 21:34:29","9999","False","False","2026-06-02 22:15:51","0"
"2026-06-02 22:17:03","8952","2026-06-02 21:34:26","True","4.891","0.172","13397","189","138","2","44309013","17116","125722","183","C:\Users\ymt\AppData\Local\Temp\maxwell_LAPTOP-AJJKNQJR_8952.pjt","20","Setup1_env.dump","2026-06-02 21:34:29","9999","False","False","2026-06-02 22:16:51","0"
"2026-06-02 22:18:03","8952","2026-06-02 21:34:26","True","4.953","0.062","13586","189","140","2","44326129","17116","125905","183","C:\Users\ymt\AppData\Local\Temp\maxwell_LAPTOP-AJJKNQJR_8952.pjt","20","Setup1_env.dump","2026-06-02 21:34:29","9999","False","False","2026-06-02 22:17:52","0"
"2026-06-02 22:19:03","8952","2026-06-02 21:34:26","True","5.016","0.063","13831","245","142","2","44348341","22212","126088","183","C:\Users\ymt\AppData\Local\Temp\maxwell_LAPTOP-AJJKNQJR_8952.pjt","20","Setup1_env.dump","2026-06-02 21:34:29","9999","False","False","2026-06-02 22:18:52","0"
"2026-06-02 22:20:03","8952","2026-06-02 21:34:26","True","5.109","0.093","14057","226","144","2","44368824","20483","126271","183","C:\Users\ymt\AppData\Local\Temp\maxwell_LAPTOP-AJJKNQJR_8952.pjt","20","Setup1_env.dump","2026-06-02 21:34:29","9999","False","False","2026-06-02 22:19:53","0"
"2026-06-02 22:21:03","8952","2026-06-02 21:34:26","True","5.188","0.079","14304","247","146","2","44391309","22485","126454","183","C:\Users\ymt\AppData\Local\Temp\maxwell_LAPTOP-AJJKNQJR_8952.pjt","20","Setup1_env.dump","2026-06-02 21:34:29","9999","False","False","2026-06-02 22:20:53","0"
"2026-06-02 22:22:03","8952","2026-06-02 21:34:26","True","5.297","0.109","14593","289","148","2","44417616","26307","126637","183","C:\Users\ymt\AppData\Local\Temp\maxwell_LAPTOP-AJJKNQJR_8952.pjt","20","Setup1_env.dump","2026-06-02 21:34:29","9999","False","False","2026-06-02 22:21:54","0"
"2026-06-02 22:23:03","8952","2026-06-02 21:34:26","True","5.375","0.078","14830","237","150","2","44439100","21484","126820","183","C:\Users\ymt\AppData\Local\Temp\maxwell_LAPTOP-AJJKNQJR_8952.pjt","20","Setup1_env.dump","2026-06-02 21:34:29","9999","False","False","2026-06-02 22:22:55","0"
"2026-06-02 22:24:04","8952","2026-06-02 21:34:26","True","5.484","0.109","15092","262","152","2","44463041","23941","127003","183","C:\Users\ymt\AppData\Local\Temp\maxwell_LAPTOP-AJJKNQJR_8952.pjt","20","Setup1_env.dump","2026-06-02 21:34:29","9999","False","False","2026-06-02 22:23:55","0"
"2026-06-02 22:25:04","8952","2026-06-02 21:34:26","True","5.641","0.157","15387","295","154","2","44490076","27035","127186","183","C:\Users\ymt\AppData\Local\Temp\maxwell_LAPTOP-AJJKNQJR_8952.pjt","20","Setup1_env.dump","2026-06-02 21:34:29","9999","False","False","2026-06-02 22:24:56","0"
"2026-06-02 22:26:04","8952","2026-06-02 21:34:26","True","5.75","0.109","15641","254","156","2","44513198","23122","127369","183","C:\Users\ymt\AppData\Local\Temp\maxwell_LAPTOP-AJJKNQJR_8952.pjt","20","Setup1_env.dump","2026-06-02 21:34:29","9999","False","False","2026-06-02 22:25:56","0"
"2026-06-02 22:27:04","8952","2026-06-02 21:34:26","True","5.875","0.125","15897","256","158","2","44536502","23304","127552","183","C:\Users\ymt\AppData\Local\Temp\maxwell_LAPTOP-AJJKNQJR_8952.pjt","20","Setup1_env.dump","2026-06-02 21:34:29","9999","False","False","2026-06-02 22:26:57","0"
"2026-06-02 22:28:04","8952","2026-06-02 21:34:26","True","6.078","0.203","16190","293","160","2","44563264","26762","127735","183","C:\Users\ymt\AppData\Local\Temp\maxwell_LAPTOP-AJJKNQJR_8952.pjt","20","Setup1_env.dump","2026-06-02 21:34:29","9999","False","False","2026-06-02 22:27:57","0"
"2026-06-02 22:29:04","8952","2026-06-02 21:34:26","True","6.25","0.172","16465","275","162","2","44588297","25033","127918","183","C:\Users\ymt\AppData\Local\Temp\maxwell_LAPTOP-AJJKNQJR_8952.pjt","20","Setup1_env.dump","2026-06-02 21:34:29","9999","False","False","2026-06-02 22:28:58","0"
"2026-06-02 22:30:04","8952","2026-06-02 21:34:26","True","6.375","0.125","16716","251","164","2","44611237","22940","128101","183","C:\Users\ymt\AppData\Local\Temp\maxwell_LAPTOP-AJJKNQJR_8952.pjt","20","Setup1_env.dump","2026-06-02 21:34:29","9999","False","False","2026-06-02 22:29:58","0"
"2026-06-02 22:31:04","8952","2026-06-02 21:34:26","True","6.469","0.094","16998","282","166","2","44636998","25761","128284","183","C:\Users\ymt\AppData\Local\Temp\maxwell_LAPTOP-AJJKNQJR_8952.pjt","20","Setup1_env.dump","2026-06-02 21:34:29","9999","False","False","2026-06-02 22:30:59","0"
"2026-06-02 22:32:04","8952","2026-06-02 21:34:26","True","6.625","0.156","17285","287","168","2","44663032","26034","128467","183","C:\Users\ymt\AppData\Local\Temp\maxwell_LAPTOP-AJJKNQJR_8952.pjt","20","Setup1_env.dump","2026-06-02 21:34:29","9999","False","False","2026-06-02 22:31:59","0"
"2026-06-02 22:33:04","8952","2026-06-02 21:34:26","True","6.672","0.047","17532","247","170","2","44685608","22576","128650","183","C:\Users\ymt\AppData\Local\Temp\maxwell_LAPTOP-AJJKNQJR_8952.pjt","20","Setup1_env.dump","2026-06-02 21:34:29","9999","False","False","2026-06-02 22:33:00","0"
"2026-06-02 22:34:05","8952","2026-06-02 21:34:26","True","6.734","0.062","17801","269","172","2","44710186","24578","128833","183","C:\Users\ymt\AppData\Local\Temp\maxwell_LAPTOP-AJJKNQJR_8952.pjt","20","Setup1_env.dump","2026-06-02 21:34:29","9999","False","False","2026-06-02 22:34:00","0"
"2026-06-02 22:35:05","8952","2026-06-02 21:34:26","True","6.812","0.079","18100","299","174","2","44737585","27399","129016","183","C:\Users\ymt\AppData\Local\Temp\maxwell_LAPTOP-AJJKNQJR_8952.pjt","20","Setup1_env.dump","2026-06-02 21:34:29","9999","False","False","2026-06-02 22:35:01","0"
"2026-06-02 22:36:05","8952","2026-06-02 21:34:26","True","7","0.188","18354","254","176","2","44764662","27077","129199","183","C:\Users\ymt\AppData\Local\Temp\maxwell_LAPTOP-AJJKNQJR_8952.pjt","20","Setup1_env.dump","2026-06-02 21:34:29","9999","False","False","2026-06-02 22:36:01","0"
"2026-06-02 22:37:05","8952","2026-06-02 21:34:26","True","7.109","0.109","18471","117","178","2","44775226","10564","129382","183","C:\Users\ymt\AppData\Local\Temp\maxwell_LAPTOP-AJJKNQJR_8952.pjt","20","Setup1_env.dump","2026-06-02 21:34:29","9999","False","False","2026-06-02 22:37:02","0"
"2026-06-02 22:38:05","8952","2026-06-02 21:34:26","True","7.266","0.157","18475","4","180","2","44775507","281","129565","183","C:\Users\ymt\AppData\Local\Temp\maxwell_LAPTOP-AJJKNQJR_8952.pjt","20","Setup1_env.dump","2026-06-02 21:34:29","9999","False","False","2026-06-02 22:38:02","0"
"2026-06-02 22:39:05","8952","2026-06-02 21:34:26","True","7.375","0.109","18480","5","182","2","44775879","372","129748","183","C:\Users\ymt\AppData\Local\Temp\maxwell_LAPTOP-AJJKNQJR_8952.pjt","20","Setup1_env.dump","2026-06-02 21:34:29","9999","False","False","2026-06-02 22:39:03","0"
"2026-06-02 22:40:05","8952","2026-06-02 21:34:26","True","7.469","0.094","18579","99","184","2","44831788","55909","129931","183","C:\Users\ymt\AppData\Local\Temp\maxwell_LAPTOP-AJJKNQJR_8952.pjt","20","Setup1_env.dump","2026-06-02 21:34:29","9999","False","False","2026-06-02 22:40:03","0"
"2026-06-02 22:41:05","8952","2026-06-02 21:34:26","True","7.547","0.078","18780","201","185","1","44860138","28350","130106","175","C:\Users\ymt\AppData\Local\Temp\maxwell_LAPTOP-AJJKNQJR_8952.pjt","20","Setup1_env.dump","2026-06-02 21:34:29","9999","False","False","2026-06-02 22:41:04","0"
"2026-06-02 22:42:05","8952","2026-06-02 21:34:26","True","7.656","0.109","18923","143","187","2","44872926","12788","130289","183","C:\Users\ymt\AppData\Local\Temp\maxwell_LAPTOP-AJJKNQJR_8952.pjt","20","Setup1_env.dump","2026-06-02 21:34:29","9999","False","False","2026-06-02 22:42:05","0"
"2026-06-02 22:43:05","8952","2026-06-02 21:34:26","True","7.844","0.188","19037","114","189","2","44883373","10447","130472","183","C:\Users\ymt\AppData\Local\Temp\maxwell_LAPTOP-AJJKNQJR_8952.pjt","20","Setup1_env.dump","2026-06-02 21:34:29","9999","False","False","2026-06-02 22:43:05","0"
"2026-06-02 22:44:06","8952","2026-06-02 21:34:26","True","7.984","0.14","19093","56","191","2","44888377","5004","130655","183","C:\Users\ymt\AppData\Local\Temp\maxwell_LAPTOP-AJJKNQJR_8952.pjt","20","Setup1_env.dump","2026-06-02 21:34:29","9999","False","False","2026-06-02 22:44:05","0"
"2026-06-02 22:45:06","8952","2026-06-02 21:34:26","True","8.109","0.125","19176","83","192","1","44895847","7470","130663","8","C:\Users\ymt\AppData\Local\Temp\maxwell_LAPTOP-AJJKNQJR_8952.pjt","20","Setup1_env.dump","2026-06-02 21:34:29","9999","False","False","2026-06-02 22:44:05","0"
"2026-06-02 22:46:06","8952","2026-06-02 21:34:26","True","8.141","0.032","19265","89","194","2","44903863","8016","130846","183","C:\Users\ymt\AppData\Local\Temp\maxwell_LAPTOP-AJJKNQJR_8952.pjt","20","Setup1_env.dump","2026-06-02 21:34:29","9999","False","False","2026-06-02 22:45:06","0"
"2026-06-02 22:47:06","8952","2026-06-02 21:34:26","True","8.219","0.078","19360","95","196","2","44912425","8562","131029","183","C:\Users\ymt\AppData\Local\Temp\maxwell_LAPTOP-AJJKNQJR_8952.pjt","20","Setup1_env.dump","2026-06-02 21:34:29","9999","False","False","2026-06-02 22:46:06","0"
"2026-06-02 22:48:06","8952","2026-06-02 21:34:26","True","8.438","0.219","19465","105","198","2","44921897","9472","131212","183","C:\Users\ymt\AppData\Local\Temp\maxwell_LAPTOP-AJJKNQJR_8952.pjt","20","Setup1_env.dump","2026-06-02 21:34:29","9999","False","False","2026-06-02 22:47:07","0"
"2026-06-02 22:49:06","8952","2026-06-02 21:34:26","True","8.609","0.171","19572","107","200","2","44931551","9654","131395","183","C:\Users\ymt\AppData\Local\Temp\maxwell_LAPTOP-AJJKNQJR_8952.pjt","20","Setup1_env.dump","2026-06-02 21:34:29","9999","False","False","2026-06-02 22:48:07","0"
"2026-06-02 22:50:06","8952","2026-06-02 21:34:26","True","8.766","0.157","19699","127","202","2","44943025","11474","131578","183","C:\Users\ymt\AppData\Local\Temp\maxwell_LAPTOP-AJJKNQJR_8952.pjt","20","Setup1_env.dump","2026-06-02 21:34:29","9999","False","False","2026-06-02 22:49:08","0"
"2026-06-02 22:51:06","8952","2026-06-02 21:34:26","True","8.812","0.046","19850","151","204","2","44956774","13749","131761","183","C:\Users\ymt\AppData\Local\Temp\maxwell_LAPTOP-AJJKNQJR_8952.pjt","20","Setup1_env.dump","2026-06-02 21:34:29","9999","False","False","2026-06-02 22:50:08","0"
"2026-06-02 22:52:06","8952","2026-06-02 21:34:26","True","8.906","0.094","19984","134","206","2","44968885","12111","131944","183","C:\Users\ymt\AppData\Local\Temp\maxwell_LAPTOP-AJJKNQJR_8952.pjt","20","Setup1_env.dump","2026-06-02 21:34:29","9999","False","False","2026-06-02 22:51:09","0"
"2026-06-02 22:53:07","8952","2026-06-02 21:34:26","True","9.016","0.11","20167","183","208","2","44985455","16570","132127","183","C:\Users\ymt\AppData\Local\Temp\maxwell_LAPTOP-AJJKNQJR_8952.pjt","20","Setup1_env.dump","2026-06-02 21:34:29","9999","False","False","2026-06-02 22:52:09","0"
"2026-06-02 22:54:07","8952","2026-06-02 21:34:26","True","9.219","0.203","20324","157","210","2","44999659","14204","132310","183","C:\Users\ymt\AppData\Local\Temp\maxwell_LAPTOP-AJJKNQJR_8952.pjt","20","Setup1_env.dump","2026-06-02 21:34:29","9999","False","False","2026-06-02 22:53:10","0"
"2026-06-02 22:55:07","8952","2026-06-02 21:34:26","True","9.391","0.172","20520","196","212","2","45017412","17753","132493","183","C:\Users\ymt\AppData\Local\Temp\maxwell_LAPTOP-AJJKNQJR_8952.pjt","20","Setup1_env.dump","2026-06-02 21:34:29","9999","False","False","2026-06-02 22:54:10","0"
"2026-06-02 22:56:07","8952","2026-06-02 21:34:26","True","9.594","0.203","20697","177","214","2","45033618","16206","132676","183","C:\Users\ymt\AppData\Local\Temp\maxwell_LAPTOP-AJJKNQJR_8952.pjt","20","Setup1_env.dump","2026-06-02 21:34:29","9999","False","False","2026-06-02 22:55:11","0"
"2026-06-02 22:57:07","8952","2026-06-02 21:34:26","True","9.719","0.125","20899","202","216","2","45051917","18299","132859","183","C:\Users\ymt\AppData\Local\Temp\maxwell_LAPTOP-AJJKNQJR_8952.pjt","20","Setup1_env.dump","2026-06-02 21:34:29","9999","False","False","2026-06-02 22:56:11","0"
"2026-06-02 22:58:07","8952","2026-06-02 21:34:26","True","9.906","0.187","21087","188","218","2","45069033","17116","133042","183","C:\Users\ymt\AppData\Local\Temp\maxwell_LAPTOP-AJJKNQJR_8952.pjt","20","Setup1_env.dump","2026-06-02 21:34:29","9999","False","False","2026-06-02 22:57:12","0"
"2026-06-02 22:59:07","8952","2026-06-02 21:34:26","True","10.078","0.172","21299","212","220","2","45088242","19209","133225","183","C:\Users\ymt\AppData\Local\Temp\maxwell_LAPTOP-AJJKNQJR_8952.pjt","20","Setup1_env.dump","2026-06-02 21:34:29","9999","False","False","2026-06-02 22:58:12","0"
"2026-06-02 23:00:07","8952","2026-06-02 21:34:26","True","10.281","0.203","21484","185","222","2","45104994","16752","133408","183","C:\Users\ymt\AppData\Local\Temp\maxwell_LAPTOP-AJJKNQJR_8952.pjt","20","Setup1_env.dump","2026-06-02 21:34:29","9999","False","False","2026-06-02 22:59:13","0"
"2026-06-02 23:01:07","8952","2026-06-02 21:34:26","True","10.422","0.141","21713","229","224","2","45125750","20756","133591","183","C:\Users\ymt\AppData\Local\Temp\maxwell_LAPTOP-AJJKNQJR_8952.pjt","20","Setup1_env.dump","2026-06-02 21:34:29","9999","False","False","2026-06-02 23:00:13","0"
"2026-06-02 23:02:07","8952","2026-06-02 21:34:26","True","10.531","0.109","21886","173","226","2","45141501","15751","133774","183","C:\Users\ymt\AppData\Local\Temp\maxwell_LAPTOP-AJJKNQJR_8952.pjt","20","Setup1_env.dump","2026-06-02 21:34:29","9999","False","False","2026-06-02 23:01:14","0"
"2026-06-02 23:03:07","8952","2026-06-02 21:34:26","True","10.781","0.25","22116","230","228","2","45162348","20847","133957","183","C:\Users\ymt\AppData\Local\Temp\maxwell_LAPTOP-AJJKNQJR_8952.pjt","20","Setup1_env.dump","2026-06-02 21:34:29","9999","False","False","2026-06-02 23:02:15","0"
"2026-06-02 23:04:08","8952","2026-06-02 21:34:26","True","10.875","0.094","22293","177","230","2","45182602","20254","134140","183","C:\Users\ymt\AppData\Local\Temp\maxwell_LAPTOP-AJJKNQJR_8952.pjt","20","Setup1_env.dump","2026-06-02 21:34:29","9999","False","False","2026-06-02 23:03:15","0"
"2026-06-02 23:05:08","8952","2026-06-02 21:34:26","True","11.031","0.156","22527","234","232","2","45203813","21211","134323","183","C:\Users\ymt\AppData\Local\Temp\maxwell_LAPTOP-AJJKNQJR_8952.pjt","20","Setup1_env.dump","2026-06-02 21:34:29","9999","False","False","2026-06-02 23:04:16","0"
"2026-06-02 23:06:08","8952","2026-06-02 21:34:26","True","11.172","0.141","22696","169","234","2","45219291","15478","134506","183","C:\Users\ymt\AppData\Local\Temp\maxwell_LAPTOP-AJJKNQJR_8952.pjt","20","Setup1_env.dump","2026-06-02 21:34:29","9999","False","False","2026-06-02 23:05:16","0"
"2026-06-02 23:07:08","8952","2026-06-02 21:34:26","True","11.281","0.109","22934","238","236","2","45241048","21757","134689","183","C:\Users\ymt\AppData\Local\Temp\maxwell_LAPTOP-AJJKNQJR_8952.pjt","20","Setup1_env.dump","2026-06-02 21:34:29","9999","False","False","2026-06-02 23:06:17","0"
"2026-06-02 23:08:08","8952","2026-06-02 21:34:26","True","11.422","0.141","23105","171","238","2","45256526","15478","134872","183","C:\Users\ymt\AppData\Local\Temp\maxwell_LAPTOP-AJJKNQJR_8952.pjt","20","Setup1_env.dump","2026-06-02 21:34:29","9999","False","False","2026-06-02 23:07:17","0"
"2026-06-02 23:09:08","8952","2026-06-02 21:34:26","True","11.484","0.062","23334","229","240","2","45277464","20938","135055","183","C:\Users\ymt\AppData\Local\Temp\maxwell_LAPTOP-AJJKNQJR_8952.pjt","20","Setup1_env.dump","2026-06-02 21:34:29","9999","False","False","2026-06-02 23:08:18","0"
"2026-06-02 23:10:08","8952","2026-06-02 21:34:26","True","11.719","0.235","23517","183","242","2","45294034","16570","135238","183","C:\Users\ymt\AppData\Local\Temp\maxwell_LAPTOP-AJJKNQJR_8952.pjt","20","Setup1_env.dump","2026-06-02 21:34:29","9999","False","False","2026-06-02 23:09:18","0"
"2026-06-02 23:11:08","8952","2026-06-02 21:34:26","True","11.875","0.156","23739","222","244","2","45314244","20210","135421","183","C:\Users\ymt\AppData\Local\Temp\maxwell_LAPTOP-AJJKNQJR_8952.pjt","20","Setup1_env.dump","2026-06-02 21:34:29","9999","False","False","2026-06-02 23:10:19","0"
"2026-06-02 23:12:08","8952","2026-06-02 21:34:26","True","11.984","0.109","23927","188","246","2","45331269","17025","135604","183","C:\Users\ymt\AppData\Local\Temp\maxwell_LAPTOP-AJJKNQJR_8952.pjt","20","Setup1_env.dump","2026-06-02 21:34:29","9999","False","False","2026-06-02 23:11:19","0"
"2026-06-02 23:13:09","8952","2026-06-02 21:34:26","True","12.156","0.172","24144","217","248","2","45351206","19937","135787","183","C:\Users\ymt\AppData\Local\Temp\maxwell_LAPTOP-AJJKNQJR_8952.pjt","20","Setup1_env.dump","2026-06-02 21:34:29","9999","False","False","2026-06-02 23:12:20","0"
"2026-06-02 23:14:09","8952","2026-06-02 21:34:26","True","12.328","0.172","24335","191","250","2","45368504","17298","135970","183","C:\Users\ymt\AppData\Local\Temp\maxwell_LAPTOP-AJJKNQJR_8952.pjt","20","Setup1_env.dump","2026-06-02 21:34:29","9999","False","False","2026-06-02 23:13:20","0"
"2026-06-02 23:15:09","8952","2026-06-02 21:34:26","True","12.469","0.141","24543","208","252","2","45387622","19118","136153","183","C:\Users\ymt\AppData\Local\Temp\maxwell_LAPTOP-AJJKNQJR_8952.pjt","20","Setup1_env.dump","2026-06-02 21:34:29","9999","False","False","2026-06-02 23:14:21","0"
"2026-06-02 23:16:09","8952","2026-06-02 21:34:26","True","12.562","0.094","24752","209","254","2","45406558","18936","136336","183","C:\Users\ymt\AppData\Local\Temp\maxwell_LAPTOP-AJJKNQJR_8952.pjt","20","Setup1_env.dump","2026-06-02 21:34:29","9999","False","False","2026-06-02 23:15:22","0"
"2026-06-02 23:17:09","8952","2026-06-02 21:34:26","True","12.75","0.188","24843","91","256","2","45414756","8198","136519","183","C:\Users\ymt\AppData\Local\Temp\maxwell_LAPTOP-AJJKNQJR_8952.pjt","20","Setup1_env.dump","2026-06-02 21:34:29","9999","False","False","2026-06-02 23:16:22","0"
"2026-06-02 23:18:09","8952","2026-06-02 21:34:26","True","12.938","0.188","24847","4","258","2","45415037","281","136702","183","C:\Users\ymt\AppData\Local\Temp\maxwell_LAPTOP-AJJKNQJR_8952.pjt","20","Setup1_env.dump","2026-06-02 21:34:29","9999","False","False","2026-06-02 23:17:23","0"
"2026-06-02 23:19:09","8952","2026-06-02 21:34:26","True","13.156","0.218","24850","3","260","2","45415227","190","136885","183","C:\Users\ymt\AppData\Local\Temp\maxwell_LAPTOP-AJJKNQJR_8952.pjt","20","Setup1_env.dump","2026-06-02 21:34:29","9999","False","False","2026-06-02 23:18:23","0"
"2026-06-02 23:20:09","8952","2026-06-02 21:34:26","True","13.312","0.156","24856","6","262","2","45415689","462","137068","183","C:\Users\ymt\AppData\Local\Temp\maxwell_LAPTOP-AJJKNQJR_8952.pjt","20","Setup1_env.dump","2026-06-02 21:34:29","9999","False","False","2026-06-02 23:19:24","0"
"2026-06-02 23:21:09","8952","2026-06-02 21:34:26","True","13.453","0.141","25096","240","263","1","45488272","72583","137243","175","C:\Users\ymt\AppData\Local\Temp\maxwell_LAPTOP-AJJKNQJR_8952.pjt","20","Setup1_env.dump","2026-06-02 21:34:29","9999","False","False","2026-06-02 23:20:24","0"
"2026-06-02 23:22:09","8952","2026-06-02 21:34:26","True","13.688","0.235","25206","110","264","1","45498172","9900","137418","175","C:\Users\ymt\AppData\Local\Temp\maxwell_LAPTOP-AJJKNQJR_8952.pjt","20","Setup1_env.dump","2026-06-02 21:34:29","9999","False","False","2026-06-02 23:21:25","0"
"2026-06-02 23:23:10","8952","2026-06-02 21:34:26","True","13.875","0.187","25316","110","266","2","45507990","9818","137601","183","C:\Users\ymt\AppData\Local\Temp\maxwell_LAPTOP-AJJKNQJR_8952.pjt","20","Setup1_env.dump","2026-06-02 21:34:29","9999","False","False","2026-06-02 23:22:26","0"
"2026-06-02 23:24:10","8952","2026-06-02 21:34:26","True","14.016","0.141","25421","105","268","2","45517357","9367","137784","183","C:\Users\ymt\AppData\Local\Temp\maxwell_LAPTOP-AJJKNQJR_8952.pjt","20","Setup1_env.dump","2026-06-02 21:34:29","9999","False","False","2026-06-02 23:23:26","0"
"2026-06-02 23:25:10","8952","2026-06-02 21:34:26","True","14.141","0.125","25461","40","270","2","45521064","3707","137967","183","C:\Users\ymt\AppData\Local\Temp\maxwell_LAPTOP-AJJKNQJR_8952.pjt","20","Setup1_env.dump","2026-06-02 21:34:29","9999","False","False","2026-06-02 23:24:27","0"
"2026-06-02 23:26:10","8952","2026-06-02 21:34:26","True","14.297","0.156","25524","63","272","2","45526714","5650","138150","183","C:\Users\ymt\AppData\Local\Temp\maxwell_LAPTOP-AJJKNQJR_8952.pjt","20","Setup1_env.dump","2026-06-02 21:34:29","9999","False","False","2026-06-02 23:25:27","0"
"2026-06-02 23:27:10","8952","2026-06-02 21:34:26","True","14.406","0.109","25590","66","274","2","45532637","5923","138333","183","C:\Users\ymt\AppData\Local\Temp\maxwell_LAPTOP-AJJKNQJR_8952.pjt","20","Setup1_env.dump","2026-06-02 21:34:29","9999","False","False","2026-06-02 23:26:28","0"
"2026-06-02 23:28:10","8952","2026-06-02 21:34:26","True","14.641","0.235","25660","70","276","2","45538924","6287","138516","183","C:\Users\ymt\AppData\Local\Temp\maxwell_LAPTOP-AJJKNQJR_8952.pjt","20","Setup1_env.dump","2026-06-02 21:34:29","9999","False","False","2026-06-02 23:27:28","0"
"2026-06-02 23:29:10","8952","2026-06-02 21:34:26","True","14.75","0.109","25732","72","278","2","45545393","6469","138699","183","C:\Users\ymt\AppData\Local\Temp\maxwell_LAPTOP-AJJKNQJR_8952.pjt","20","Setup1_env.dump","2026-06-02 21:34:29","9999","False","False","2026-06-02 23:28:29","0"
"2026-06-02 23:30:10","8952","2026-06-02 21:34:26","True","14.875","0.125","25812","80","280","2","45552590","7197","138882","183","C:\Users\ymt\AppData\Local\Temp\maxwell_LAPTOP-AJJKNQJR_8952.pjt","20","Setup1_env.dump","2026-06-02 21:34:29","9999","False","False","2026-06-02 23:29:30","0"
"2026-06-02 23:31:10","8952","2026-06-02 21:34:26","True","15.047","0.172","25896","84","282","2","45560151","7561","139065","183","C:\Users\ymt\AppData\Local\Temp\maxwell_LAPTOP-AJJKNQJR_8952.pjt","20","Setup1_env.dump","2026-06-02 21:34:29","9999","False","False","2026-06-02 23:30:30","0"
"2026-06-02 23:32:10","8952","2026-06-02 21:34:26","True","15.141","0.094","25980","84","284","2","45567712","7561","139248","183","C:\Users\ymt\AppData\Local\Temp\maxwell_LAPTOP-AJJKNQJR_8952.pjt","20","Setup1_env.dump","2026-06-02 21:34:29","9999","False","False","2026-06-02 23:31:30","0"
"2026-06-02 23:33:11","8952","2026-06-02 21:34:26","True","15.203","0.062","26082","102","286","2","45580958","13246","139431","183","C:\Users\ymt\AppData\Local\Temp\maxwell_LAPTOP-AJJKNQJR_8952.pjt","20","Setup1_env.dump","2026-06-02 21:34:29","9999","False","False","2026-06-02 23:32:31","0"
"2026-06-02 23:34:11","8952","2026-06-02 21:34:26","True","15.281","0.078","26197","115","288","2","45591340","10382","139614","183","C:\Users\ymt\AppData\Local\Temp\maxwell_LAPTOP-AJJKNQJR_8952.pjt","20","Setup1_env.dump","2026-06-02 21:34:29","9999","False","False","2026-06-02 23:33:31","0"
"2026-06-02 23:35:11","8952","2026-06-02 21:34:26","True","15.438","0.156","26302","105","290","2","45600812","9472","139797","183","C:\Users\ymt\AppData\Local\Temp\maxwell_LAPTOP-AJJKNQJR_8952.pjt","20","Setup1_env.dump","2026-06-02 21:34:29","9999","False","False","2026-06-02 23:34:32","0"
"2026-06-02 23:36:11","8952","2026-06-02 21:34:26","True","15.5","0.062","26399","97","292","2","45609556","8744","139980","183","C:\Users\ymt\AppData\Local\Temp\maxwell_LAPTOP-AJJKNQJR_8952.pjt","20","Setup1_env.dump","2026-06-02 21:34:29","9999","False","False","2026-06-02 23:35:32","0"
"2026-06-02 23:37:11","8952","2026-06-02 21:34:26","True","15.641","0.141","26532","133","294","2","45621576","12020","140163","183","C:\Users\ymt\AppData\Local\Temp\maxwell_LAPTOP-AJJKNQJR_8952.pjt","20","Setup1_env.dump","2026-06-02 21:34:29","9999","False","False","2026-06-02 23:36:33","0"
"2026-06-02 23:38:11","8952","2026-06-02 21:34:26","True","15.703","0.062","26672","140","296","2","45634233","12657","140346","183","C:\Users\ymt\AppData\Local\Temp\maxwell_LAPTOP-AJJKNQJR_8952.pjt","20","Setup1_env.dump","2026-06-02 21:34:29","9999","False","False","2026-06-02 23:37:33","0"
"2026-06-02 23:39:11","8952","2026-06-02 21:34:26","True","15.781","0.078","26789","117","298","2","45644797","10564","140529","183","C:\Users\ymt\AppData\Local\Temp\maxwell_LAPTOP-AJJKNQJR_8952.pjt","20","Setup1_env.dump","2026-06-02 21:34:29","9999","False","False","2026-06-02 23:38:34","0"
"2026-06-02 23:40:11","8952","2026-06-02 21:34:26","True","15.859","0.078","26958","169","300","2","45660093","15296","140712","183","C:\Users\ymt\AppData\Local\Temp\maxwell_LAPTOP-AJJKNQJR_8952.pjt","20","Setup1_env.dump","2026-06-02 21:34:29","9999","False","False","2026-06-02 23:39:34","0"
"2026-06-02 23:41:11","8952","2026-06-02 21:34:26","True","16.141","0.282","27095","137","302","2","45672477","12384","140895","183","C:\Users\ymt\AppData\Local\Temp\maxwell_LAPTOP-AJJKNQJR_8952.pjt","20","Setup1_env.dump","2026-06-02 21:34:29","9999","False","False","2026-06-02 23:40:34","0"
"2026-06-02 23:42:12","8952","2026-06-02 21:34:26","True","16.188","0.047","27239","144","304","2","45685498","13021","141078","183","C:\Users\ymt\AppData\Local\Temp\maxwell_LAPTOP-AJJKNQJR_8952.pjt","20","Setup1_env.dump","2026-06-02 21:34:29","9999","False","False","2026-06-02 23:41:35","0"
"2026-06-02 23:43:12","8952","2026-06-02 21:34:26","True","16.312","0.125","27419","180","306","2","45701795","16297","141261","183","C:\Users\ymt\AppData\Local\Temp\maxwell_LAPTOP-AJJKNQJR_8952.pjt","20","Setup1_env.dump","2026-06-02 21:34:29","9999","False","False","2026-06-02 23:42:35","0"
"2026-06-02 23:44:12","8952","2026-06-02 21:34:26","True","16.422","0.11","27543","124","308","2","45712996","11201","141444","183","C:\Users\ymt\AppData\Local\Temp\maxwell_LAPTOP-AJJKNQJR_8952.pjt","20","Setup1_env.dump","2026-06-02 21:34:29","9999","False","False","2026-06-02 23:43:35","0"
"2026-06-02 23:45:12","8952","2026-06-02 21:34:26","True","16.594","0.172","27722","179","310","2","45729202","16206","141627","183","C:\Users\ymt\AppData\Local\Temp\maxwell_LAPTOP-AJJKNQJR_8952.pjt","20","Setup1_env.dump","2026-06-02 21:34:29","9999","False","False","2026-06-02 23:44:36","0"
"2026-06-02 23:46:12","8952","2026-06-02 21:34:26","True","16.75","0.156","27868","146","312","2","45742496","13294","141810","183","C:\Users\ymt\AppData\Local\Temp\maxwell_LAPTOP-AJJKNQJR_8952.pjt","20","Setup1_env.dump","2026-06-02 21:34:29","9999","False","False","2026-06-02 23:45:36","0"
"2026-06-02 23:47:12","8952","2026-06-02 21:34:26","True","16.938","0.188","28020","152","314","2","45756245","13749","141993","183","C:\Users\ymt\AppData\Local\Temp\maxwell_LAPTOP-AJJKNQJR_8952.pjt","20","Setup1_env.dump","2026-06-02 21:34:29","9999","False","False","2026-06-02 23:46:37","0"
"2026-06-02 23:48:12","8952","2026-06-02 21:34:26","True","17.078","0.14","28200","180","316","2","45772724","16479","142176","183","C:\Users\ymt\AppData\Local\Temp\maxwell_LAPTOP-AJJKNQJR_8952.pjt","20","Setup1_env.dump","2026-06-02 21:34:29","9999","False","False","2026-06-02 23:47:37","0"
"2026-06-02 23:49:12","8952","2026-06-02 21:34:26","True","17.25","0.172","28329","129","318","2","45784380","11656","142359","183","C:\Users\ymt\AppData\Local\Temp\maxwell_LAPTOP-AJJKNQJR_8952.pjt","20","Setup1_env.dump","2026-06-02 21:34:29","9999","False","False","2026-06-02 23:48:38","0"
"2026-06-02 23:50:12","8952","2026-06-02 21:34:26","True","17.438","0.188","28518","189","320","2","45801496","17116","142542","183","C:\Users\ymt\AppData\Local\Temp\maxwell_LAPTOP-AJJKNQJR_8952.pjt","20","Setup1_env.dump","2026-06-02 21:34:29","9999","False","False","2026-06-02 23:49:38","0"
"2026-06-02 23:51:12","8952","2026-06-02 21:34:26","True","17.547","0.109","28637","119","322","2","45812424","10928","142725","183","C:\Users\ymt\AppData\Local\Temp\maxwell_LAPTOP-AJJKNQJR_8952.pjt","20","Setup1_env.dump","2026-06-02 21:34:29","9999","False","False","2026-06-02 23:50:38","0"
"2026-06-02 23:52:13","8952","2026-06-02 21:34:26","True","17.703","0.156","28731","94","324","2","45820895","8471","142908","183","C:\Users\ymt\AppData\Local\Temp\maxwell_LAPTOP-AJJKNQJR_8952.pjt","20","Setup1_env.dump","2026-06-02 21:34:29","9999","False","False","2026-06-02 23:51:39","0"
"2026-06-02 23:53:13","8952","2026-06-02 21:34:26","True","17.797","0.094","28879","148","326","2","45834280","13385","143091","183","C:\Users\ymt\AppData\Local\Temp\maxwell_LAPTOP-AJJKNQJR_8952.pjt","20","Setup1_env.dump","2026-06-02 21:34:29","9999","False","False","2026-06-02 23:52:39","0"
"2026-06-02 23:54:13","8952","2026-06-02 21:34:26","True","17.938","0.14","28993","114","328","2","45844571","10291","143274","183","C:\Users\ymt\AppData\Local\Temp\maxwell_LAPTOP-AJJKNQJR_8952.pjt","20","Setup1_env.dump","2026-06-02 21:34:29","9999","False","False","2026-06-02 23:53:40","0"
"2026-06-02 23:55:13","8952","2026-06-02 21:34:26","True","18.172","0.234","29094","101","330","2","45853679","9108","143457","183","C:\Users\ymt\AppData\Local\Temp\maxwell_LAPTOP-AJJKNQJR_8952.pjt","20","Setup1_env.dump","2026-06-02 21:34:29","9999","False","False","2026-06-02 23:54:41","0"
"2026-06-02 23:56:13","8952","2026-06-02 21:34:26","True","18.266","0.094","29210","116","332","2","45864152","10473","143640","183","C:\Users\ymt\AppData\Local\Temp\maxwell_LAPTOP-AJJKNQJR_8952.pjt","20","Setup1_env.dump","2026-06-02 21:34:29","9999","False","False","2026-06-02 23:55:41","0"
"2026-06-02 23:57:13","8952","2026-06-02 21:34:26","True","18.391","0.125","29351","141","334","2","45877082","12930","143823","183","C:\Users\ymt\AppData\Local\Temp\maxwell_LAPTOP-AJJKNQJR_8952.pjt","20","Setup1_env.dump","2026-06-02 21:34:29","9999","False","False","2026-06-02 23:56:42","0"
"2026-06-02 23:58:13","8952","2026-06-02 21:34:26","True","18.547","0.156","29477","126","336","2","45888465","11383","144006","183","C:\Users\ymt\AppData\Local\Temp\maxwell_LAPTOP-AJJKNQJR_8952.pjt","20","Setup1_env.dump","2026-06-02 21:34:29","9999","False","False","2026-06-02 23:57:42","0"
"2026-06-02 23:59:13","8952","2026-06-02 21:34:26","True","18.625","0.078","29660","183","338","2","45905035","16570","144189","183","C:\Users\ymt\AppData\Local\Temp\maxwell_LAPTOP-AJJKNQJR_8952.pjt","20","Setup1_env.dump","2026-06-02 21:34:29","9999","False","False","2026-06-02 23:58:42","0"
"2026-06-03 00:00:13","8952","2026-06-02 21:34:26","True","18.797","0.172","29801","141","340","2","45917965","12930","144372","183","C:\Users\ymt\AppData\Local\Temp\maxwell_LAPTOP-AJJKNQJR_8952.pjt","20","Setup1_env.dump","2026-06-02 21:34:29","9999","False","False","2026-06-02 23:59:43","0"
"2026-06-03 00:01:14","8952","2026-06-02 21:34:26","True","18.891","0.094","29955","154","342","2","45931896","13931","144555","183","C:\Users\ymt\AppData\Local\Temp\maxwell_LAPTOP-AJJKNQJR_8952.pjt","20","Setup1_env.dump","2026-06-02 21:34:29","9999","False","False","2026-06-03 00:00:43","0"
"2026-06-03 00:02:14","8952","2026-06-02 21:34:26","True","18.938","0.047","30133","178","344","2","45948193","16297","144738","183","C:\Users\ymt\AppData\Local\Temp\maxwell_LAPTOP-AJJKNQJR_8952.pjt","20","Setup1_env.dump","2026-06-02 21:34:29","9999","False","False","2026-06-03 00:01:44","0"
"2026-06-03 00:03:14","8952","2026-06-02 21:34:26","True","19.078","0.14","30262","129","346","2","45959849","11656","144921","183","C:\Users\ymt\AppData\Local\Temp\maxwell_LAPTOP-AJJKNQJR_8952.pjt","20","Setup1_env.dump","2026-06-02 21:34:29","9999","False","False","2026-06-03 00:02:44","0"
"2026-06-03 00:04:14","8952","2026-06-02 21:34:26","True","19.281","0.203","30450","188","348","2","45976874","17025","145104","183","C:\Users\ymt\AppData\Local\Temp\maxwell_LAPTOP-AJJKNQJR_8952.pjt","20","Setup1_env.dump","2026-06-02 21:34:29","9999","False","False","2026-06-03 00:03:45","0"
"2026-06-03 00:05:14","8952","2026-06-02 21:34:26","True","19.344","0.063","30581","131","350","2","45988894","12020","145287","183","C:\Users\ymt\AppData\Local\Temp\maxwell_LAPTOP-AJJKNQJR_8952.pjt","20","Setup1_env.dump","2026-06-02 21:34:29","9999","False","False","2026-06-03 00:04:45","0"
"2026-06-03 00:06:14","8952","2026-06-02 21:34:26","True","19.422","0.078","30739","158","352","2","46003189","14295","145470","183","C:\Users\ymt\AppData\Local\Temp\maxwell_LAPTOP-AJJKNQJR_8952.pjt","20","Setup1_env.dump","2026-06-02 21:34:29","9999","False","False","2026-06-03 00:05:46","0"
"2026-06-03 00:07:14","8952","2026-06-02 21:34:26","True","19.5","0.078","30865","126","354","2","46014572","11383","145653","183","C:\Users\ymt\AppData\Local\Temp\maxwell_LAPTOP-AJJKNQJR_8952.pjt","20","Setup1_env.dump","2026-06-02 21:34:29","9999","False","False","2026-06-03 00:06:46","0"
"2026-06-03 00:08:14","8952","2026-06-02 21:34:26","True","19.625","0.125","30867","2","356","2","46014671","99","145836","183","C:\Users\ymt\AppData\Local\Temp\maxwell_LAPTOP-AJJKNQJR_8952.pjt","20","Setup1_env.dump","2026-06-02 21:34:29","9999","False","False","2026-06-03 00:07:47","0"
"2026-06-03 00:09:14","8952","2026-06-02 21:34:26","True","19.859","0.234","30870","3","358","2","46014861","190","146019","183","C:\Users\ymt\AppData\Local\Temp\maxwell_LAPTOP-AJJKNQJR_8952.pjt","20","Setup1_env.dump","2026-06-02 21:34:29","9999","False","False","2026-06-03 00:08:47","0"
"2026-06-03 00:10:15","8952","2026-06-02 21:34:26","True","19.969","0.11","30873","3","360","2","46015051","190","146202","183","C:\Users\ymt\AppData\Local\Temp\maxwell_LAPTOP-AJJKNQJR_8952.pjt","20","Setup1_env.dump","2026-06-02 21:34:29","9999","False","False","2026-06-03 00:09:48","0"
"2026-06-03 00:11:15","8952","2026-06-02 21:34:26","True","20.047","0.078","30878","5","362","2","46015422","371","146385","183","C:\Users\ymt\AppData\Local\Temp\maxwell_LAPTOP-AJJKNQJR_8952.pjt","20","Setup1_env.dump","2026-06-02 21:34:29","9999","False","False","2026-06-03 00:10:48","0"
"2026-06-03 00:12:15","8952","2026-06-02 21:34:26","True","20.25","0.203","31094","216","364","2","46078194","62772","146568","183","C:\Users\ymt\AppData\Local\Temp\maxwell_LAPTOP-AJJKNQJR_8952.pjt","20","Setup1_env.dump","2026-06-02 21:34:29","9999","False","False","2026-06-03 00:11:49","0"
"2026-06-03 00:13:15","8952","2026-06-02 21:34:26","True","20.375","0.125","31212","118","365","1","46094482","16288","146743","175","C:\Users\ymt\AppData\Local\Temp\maxwell_LAPTOP-AJJKNQJR_8952.pjt","20","Setup1_env.dump","2026-06-02 21:34:29","9999","False","False","2026-06-03 00:12:49","0"
"2026-06-03 00:14:15","8952","2026-06-02 21:34:26","True","20.484","0.109","31293","81","367","2","46101690","7208","146926","183","C:\Users\ymt\AppData\Local\Temp\maxwell_LAPTOP-AJJKNQJR_8952.pjt","20","Setup1_env.dump","2026-06-02 21:34:29","9999","False","False","2026-06-03 00:13:50","0"
"2026-06-03 00:15:15","8952","2026-06-02 21:34:26","True","20.641","0.157","31375","82","369","2","46108988","7298","147109","183","C:\Users\ymt\AppData\Local\Temp\maxwell_LAPTOP-AJJKNQJR_8952.pjt","20","Setup1_env.dump","2026-06-02 21:34:29","9999","False","False","2026-06-03 00:14:50","0"
"2026-06-03 00:16:15","8952","2026-06-02 21:34:26","True","20.812","0.172","31457","82","371","2","46116286","7298","147292","183","C:\Users\ymt\AppData\Local\Temp\maxwell_LAPTOP-AJJKNQJR_8952.pjt","20","Setup1_env.dump","2026-06-02 21:34:29","9999","False","False","2026-06-03 00:15:51","0"
"2026-06-03 00:17:15","8952","2026-06-02 21:34:26","True","20.891","0.079","31520","63","373","2","46122053","5767","147475","183","C:\Users\ymt\AppData\Local\Temp\maxwell_LAPTOP-AJJKNQJR_8952.pjt","20","Setup1_env.dump","2026-06-02 21:34:29","9999","False","False","2026-06-03 00:16:51","0"
"2026-06-03 00:18:15","8952","2026-06-02 21:34:26","True","20.969","0.078","31552","32","375","2","46124873","2820","147658","183","C:\Users\ymt\AppData\Local\Temp\maxwell_LAPTOP-AJJKNQJR_8952.pjt","20","Setup1_env.dump","2026-06-02 21:34:29","9999","False","False","2026-06-03 00:17:52","0"
"2026-06-03 00:19:15","8952","2026-06-02 21:34:26","True","21.188","0.218","31605","53","377","2","46129613","4740","147841","183","C:\Users\ymt\AppData\Local\Temp\maxwell_LAPTOP-AJJKNQJR_8952.pjt","20","Setup1_env.dump","2026-06-02 21:34:29","9999","False","False","2026-06-03 00:18:52","0"
"2026-06-03 00:20:16","8952","2026-06-02 21:34:26","True","21.266","0.078","31661","56","379","2","46134626","5013","148024","183","C:\Users\ymt\AppData\Local\Temp\maxwell_LAPTOP-AJJKNQJR_8952.pjt","20","Setup1_env.dump","2026-06-02 21:34:29","9999","False","False","2026-06-03 00:19:53","0"
"2026-06-03 00:21:16","8952","2026-06-02 21:34:26","True","21.359","0.093","31718","57","381","2","46139730","5104","148207","183","C:\Users\ymt\AppData\Local\Temp\maxwell_LAPTOP-AJJKNQJR_8952.pjt","20","Setup1_env.dump","2026-06-02 21:34:29","9999","False","False","2026-06-03 00:20:53","0"
"2026-06-03 00:22:16","8952","2026-06-02 21:34:26","True","21.453","0.094","31778","60","383","2","46145107","5377","148390","183","C:\Users\ymt\AppData\Local\Temp\maxwell_LAPTOP-AJJKNQJR_8952.pjt","20","Setup1_env.dump","2026-06-02 21:34:29","9999","False","False","2026-06-03 00:21:54","0"
"2026-06-03 00:23:16","8952","2026-06-02 21:34:26","True","21.516","0.063","31842","64","385","2","46150848","5741","148573","183","C:\Users\ymt\AppData\Local\Temp\maxwell_LAPTOP-AJJKNQJR_8952.pjt","20","Setup1_env.dump","2026-06-02 21:34:29","9999","False","False","2026-06-03 00:22:55","0"
"2026-06-03 00:24:16","8952","2026-06-02 21:34:26","True","21.578","0.062","31908","66","387","2","46156771","5923","148756","183","C:\Users\ymt\AppData\Local\Temp\maxwell_LAPTOP-AJJKNQJR_8952.pjt","20","Setup1_env.dump","2026-06-02 21:34:29","9999","False","False","2026-06-03 00:23:55","0"
"2026-06-03 00:25:16","8952","2026-06-02 21:34:26","True","21.625","0.047","31981","73","389","2","46163331","6560","148939","183","C:\Users\ymt\AppData\Local\Temp\maxwell_LAPTOP-AJJKNQJR_8952.pjt","20","Setup1_env.dump","2026-06-02 21:34:29","9999","False","False","2026-06-03 00:24:56","0"
"2026-06-03 00:26:16","8952","2026-06-02 21:34:26","True","21.703","0.078","32053","72","391","2","46169800","6469","149122","183","C:\Users\ymt\AppData\Local\Temp\maxwell_LAPTOP-AJJKNQJR_8952.pjt","20","Setup1_env.dump","2026-06-02 21:34:29","9999","False","False","2026-06-03 00:25:56","0"
"2026-06-03 00:27:16","8952","2026-06-02 21:34:26","True","21.797","0.094","32137","84","393","2","46177361","7561","149305","183","C:\Users\ymt\AppData\Local\Temp\maxwell_LAPTOP-AJJKNQJR_8952.pjt","20","Setup1_env.dump","2026-06-02 21:34:29","9999","False","False","2026-06-03 00:26:57","0"
"2026-06-03 00:28:16","8952","2026-06-02 21:34:26","True","21.953","0.156","32231","94","395","2","46185832","8471","149488","183","C:\Users\ymt\AppData\Local\Temp\maxwell_LAPTOP-AJJKNQJR_8952.pjt","20","Setup1_env.dump","2026-06-02 21:34:29","9999","False","False","2026-06-03 00:27:58","0"
"2026-06-03 00:29:17","8952","2026-06-02 21:34:26","True","22.172","0.219","32333","102","397","2","46195031","9199","149671","183","C:\Users\ymt\AppData\Local\Temp\maxwell_LAPTOP-AJJKNQJR_8952.pjt","20","Setup1_env.dump","2026-06-02 21:34:29","9999","False","False","2026-06-03 00:28:58","0"
"2026-06-03 00:30:17","8952","2026-06-02 21:34:26","True","22.328","0.156","32416","83","399","2","46202501","7470","149854","183","C:\Users\ymt\AppData\Local\Temp\maxwell_LAPTOP-AJJKNQJR_8952.pjt","20","Setup1_env.dump","2026-06-02 21:34:29","9999","False","False","2026-06-03 00:29:59","0"
"2026-06-03 00:31:17","8952","2026-06-02 21:34:26","True","22.516","0.188","32521","105","401","2","46211973","9472","150037","183","C:\Users\ymt\AppData\Local\Temp\maxwell_LAPTOP-AJJKNQJR_8952.pjt","20","Setup1_env.dump","2026-06-02 21:34:29","9999","False","False","2026-06-03 00:30:59","0"
"2026-06-03 00:32:17","8952","2026-06-02 21:34:26","True","22.641","0.125","32642","121","403","2","46222901","10928","150220","183","C:\Users\ymt\AppData\Local\Temp\maxwell_LAPTOP-AJJKNQJR_8952.pjt","20","Setup1_env.dump","2026-06-02 21:34:29","9999","False","False","2026-06-03 00:32:00","0"
"2026-06-03 00:33:17","8952","2026-06-02 21:34:26","True","22.797","0.156","32756","114","405","2","46233192","10291","150403","183","C:\Users\ymt\AppData\Local\Temp\maxwell_LAPTOP-AJJKNQJR_8952.pjt","20","Setup1_env.dump","2026-06-02 21:34:29","9999","False","False","2026-06-03 00:33:00","0"
"2026-06-03 00:34:17","8952","2026-06-02 21:34:26","True","22.906","0.109","32855","99","407","2","46242118","8926","150586","183","C:\Users\ymt\AppData\Local\Temp\maxwell_LAPTOP-AJJKNQJR_8952.pjt","20","Setup1_env.dump","2026-06-02 21:34:29","9999","False","False","2026-06-03 00:34:01","0"
"2026-06-03 00:35:17","8952","2026-06-02 21:34:26","True","23.047","0.141","32952","97","409","2","46250862","8744","150769","183","C:\Users\ymt\AppData\Local\Temp\maxwell_LAPTOP-AJJKNQJR_8952.pjt","20","Setup1_env.dump","2026-06-02 21:34:29","9999","False","False","2026-06-03 00:35:01","0"
"2026-06-03 00:36:17","8952","2026-06-02 21:34:26","True","23.203","0.156","33059","107","411","2","46260516","9654","150952","183","C:\Users\ymt\AppData\Local\Temp\maxwell_LAPTOP-AJJKNQJR_8952.pjt","20","Setup1_env.dump","2026-06-02 21:34:29","9999","False","False","2026-06-03 00:36:02","0"
"2026-06-03 00:37:17","8952","2026-06-02 21:34:26","True","23.469","0.266","33145","86","413","2","46268259","7743","151135","183","C:\Users\ymt\AppData\Local\Temp\maxwell_LAPTOP-AJJKNQJR_8952.pjt","20","Setup1_env.dump","2026-06-02 21:34:29","9999","False","False","2026-06-03 00:37:02","0"
"2026-06-03 00:38:18","8952","2026-06-02 21:34:26","True","23.531","0.062","33217","72","415","2","46274728","6469","151318","183","C:\Users\ymt\AppData\Local\Temp\maxwell_LAPTOP-AJJKNQJR_8952.pjt","20","Setup1_env.dump","2026-06-02 21:34:29","9999","False","False","2026-06-03 00:38:03","0"
"2026-06-03 00:39:18","8952","2026-06-02 21:34:26","True","23.625","0.094","33321","104","417","2","46284109","9381","151501","183","C:\Users\ymt\AppData\Local\Temp\maxwell_LAPTOP-AJJKNQJR_8952.pjt","20","Setup1_env.dump","2026-06-02 21:34:29","9999","False","False","2026-06-03 00:39:04","0"
"2026-06-03 00:40:18","8952","2026-06-02 21:34:26","True","23.688","0.062","33444","123","419","2","46295219","11110","151684","183","C:\Users\ymt\AppData\Local\Temp\maxwell_LAPTOP-AJJKNQJR_8952.pjt","20","Setup1_env.dump","2026-06-02 21:34:29","9999","False","False","2026-06-03 00:40:04","0"
"2026-06-03 00:41:18","8952","2026-06-02 21:34:26","True","23.781","0.093","33560","116","421","2","46305783","10564","151867","183","C:\Users\ymt\AppData\Local\Temp\maxwell_LAPTOP-AJJKNQJR_8952.pjt","20","Setup1_env.dump","2026-06-02 21:34:29","9999","False","False","2026-06-03 00:41:05","0"
"2026-06-03 00:42:18","8952","2026-06-02 21:34:26","True","23.891","0.11","33690","130","423","2","46317530","11747","152050","183","C:\Users\ymt\AppData\Local\Temp\maxwell_LAPTOP-AJJKNQJR_8952.pjt","20","Setup1_env.dump","2026-06-02 21:34:29","9999","False","False","2026-06-03 00:42:05","0"
"2026-06-03 00:43:18","8952","2026-06-02 21:34:26","True","24.016","0.125","33851","161","425","2","46332098","14568","152233","183","C:\Users\ymt\AppData\Local\Temp\maxwell_LAPTOP-AJJKNQJR_8952.pjt","20","Setup1_env.dump","2026-06-02 21:34:29","9999","False","False","2026-06-03 00:43:06","0"
"2026-06-03 00:44:18","8952","2026-06-02 21:34:26","True","24.125","0.109","33963","112","427","2","46342207","10109","152416","183","C:\Users\ymt\AppData\Local\Temp\maxwell_LAPTOP-AJJKNQJR_8952.pjt","20","Setup1_env.dump","2026-06-02 21:34:29","9999","False","False","2026-06-03 00:44:06","0"
"2026-06-03 00:45:18","8952","2026-06-02 21:34:26","True","24.203","0.078","34102","139","429","2","46354773","12566","152599","183","C:\Users\ymt\AppData\Local\Temp\maxwell_LAPTOP-AJJKNQJR_8952.pjt","20","Setup1_env.dump","2026-06-02 21:34:29","9999","False","False","2026-06-03 00:45:07","0"
"2026-06-03 00:46:18","8952","2026-06-02 21:34:26","True","24.281","0.078","34268","166","431","2","46369796","15023","152782","183","C:\Users\ymt\AppData\Local\Temp\maxwell_LAPTOP-AJJKNQJR_8952.pjt","20","Setup1_env.dump","2026-06-02 21:34:29","9999","False","False","2026-06-03 00:46:08","0"
"2026-06-03 00:47:18","8952","2026-06-02 21:34:26","True","24.375","0.094","34375","107","433","2","46379450","9654","152965","183","C:\Users\ymt\AppData\Local\Temp\maxwell_LAPTOP-AJJKNQJR_8952.pjt","20","Setup1_env.dump","2026-06-02 21:34:29","9999","False","False","2026-06-03 00:47:08","0"
"2026-06-03 00:48:18","8952","2026-06-02 21:34:26","True","24.516","0.141","34522","147","435","2","46392744","13294","153148","183","C:\Users\ymt\AppData\Local\Temp\maxwell_LAPTOP-AJJKNQJR_8952.pjt","20","Setup1_env.dump","2026-06-02 21:34:29","9999","False","False","2026-06-03 00:48:09","0"
"2026-06-03 00:49:19","8952","2026-06-02 21:34:26","True","24.641","0.125","34675","153","437","2","46406675","13931","153331","183","C:\Users\ymt\AppData\Local\Temp\maxwell_LAPTOP-AJJKNQJR_8952.pjt","20","Setup1_env.dump","2026-06-02 21:34:29","9999","False","False","2026-06-03 00:49:09","0"
"2026-06-03 00:50:19","8952","2026-06-02 21:34:26","True","24.734","0.093","34786","111","439","2","46416693","10018","153514","183","C:\Users\ymt\AppData\Local\Temp\maxwell_LAPTOP-AJJKNQJR_8952.pjt","20","Setup1_env.dump","2026-06-02 21:34:29","9999","False","False","2026-06-03 00:50:10","0"
"2026-06-03 00:51:19","8952","2026-06-02 21:34:26","True","24.844","0.11","34949","163","441","2","46431443","14750","153697","183","C:\Users\ymt\AppData\Local\Temp\maxwell_LAPTOP-AJJKNQJR_8952.pjt","20","Setup1_env.dump","2026-06-02 21:34:29","9999","False","False","2026-06-03 00:51:11","0"
"2026-06-03 00:52:19","8952","2026-06-02 21:34:26","True","24.922","0.078","35086","137","443","2","46443918","12475","153880","183","C:\Users\ymt\AppData\Local\Temp\maxwell_LAPTOP-AJJKNQJR_8952.pjt","20","Setup1_env.dump","2026-06-02 21:34:29","9999","False","False","2026-06-03 00:52:11","0"
"2026-06-03 00:53:19","8952","2026-06-02 21:34:26","True","24.984","0.062","35206","120","445","2","46454755","10837","154063","183","C:\Users\ymt\AppData\Local\Temp\maxwell_LAPTOP-AJJKNQJR_8952.pjt","20","Setup1_env.dump","2026-06-02 21:34:29","9999","False","False","2026-06-03 00:53:12","0"
"2026-06-03 00:54:19","8952","2026-06-02 21:34:26","True","25.031","0.047","35372","166","447","2","46469778","15023","154246","183","C:\Users\ymt\AppData\Local\Temp\maxwell_LAPTOP-AJJKNQJR_8952.pjt","20","Setup1_env.dump","2026-06-02 21:34:29","9999","False","False","2026-06-03 00:54:13","0"
"2026-06-03 00:55:19","8952","2026-06-02 21:34:26","True","25.203","0.172","35492","120","449","2","46480706","10928","154429","183","C:\Users\ymt\AppData\Local\Temp\maxwell_LAPTOP-AJJKNQJR_8952.pjt","20","Setup1_env.dump","2026-06-02 21:34:29","9999","False","False","2026-06-03 00:55:13","0"
"2026-06-03 00:56:19","8952","2026-06-02 21:34:26","True","25.344","0.141","35628","136","451","2","46492999","12293","154612","183","C:\Users\ymt\AppData\Local\Temp\maxwell_LAPTOP-AJJKNQJR_8952.pjt","20","Setup1_env.dump","2026-06-02 21:34:29","9999","False","False","2026-06-03 00:56:14","0"
"2026-06-03 00:57:19","8952","2026-06-02 21:34:26","True","25.438","0.093","35791","163","453","2","46507749","14750","154795","183","C:\Users\ymt\AppData\Local\Temp\maxwell_LAPTOP-AJJKNQJR_8952.pjt","20","Setup1_env.dump","2026-06-02 21:34:29","9999","False","False","2026-06-03 00:57:14","0"
"2026-06-03 00:58:19","8952","2026-06-02 21:34:26","True","25.531","0.093","35902","111","455","2","46517858","10109","154978","183","C:\Users\ymt\AppData\Local\Temp\maxwell_LAPTOP-AJJKNQJR_8952.pjt","20","Setup1_env.dump","2026-06-02 21:34:29","9999","False","False","2026-06-03 00:58:15","0"
"2026-06-03 00:59:19","8952","2026-06-02 21:34:26","True","25.547","0.016","36048","146","457","2","46531061","13203","155161","183","C:\Users\ymt\AppData\Local\Temp\maxwell_LAPTOP-AJJKNQJR_8952.pjt","20","Setup1_env.dump","2026-06-02 21:34:29","9999","False","False","2026-06-03 00:59:16","0"
"2026-06-03 01:00:19","8952","2026-06-02 21:34:26","True","25.625","0.078","36207","159","459","2","46545538","14477","155344","183","C:\Users\ymt\AppData\Local\Temp\maxwell_LAPTOP-AJJKNQJR_8952.pjt","20","Setup1_env.dump","2026-06-02 21:34:29","9999","False","False","2026-06-03 01:00:16","0"
"2026-06-03 01:01:19","8952","2026-06-02 21:34:26","True","25.719","0.094","36321","114","461","2","46555829","10291","155527","183","C:\Users\ymt\AppData\Local\Temp\maxwell_LAPTOP-AJJKNQJR_8952.pjt","20","Setup1_env.dump","2026-06-02 21:34:29","9999","False","False","2026-06-03 01:01:17","0"
"2026-06-03 01:02:20","8952","2026-06-02 21:34:26","True","25.766","0.047","36483","162","463","2","46570488","14659","155710","183","C:\Users\ymt\AppData\Local\Temp\maxwell_LAPTOP-AJJKNQJR_8952.pjt","20","Setup1_env.dump","2026-06-02 21:34:29","9999","False","False","2026-06-03 01:02:17","0"
"2026-06-03 01:03:20","8952","2026-06-02 21:34:26","True","25.922","0.156","36624","141","465","2","46583327","12839","155893","183","C:\Users\ymt\AppData\Local\Temp\maxwell_LAPTOP-AJJKNQJR_8952.pjt","20","Setup1_env.dump","2026-06-02 21:34:29","9999","False","False","2026-06-03 01:03:18","0"
"2026-06-03 01:04:20","8952","2026-06-02 21:34:26","True","26","0.078","36747","123","467","2","46594437","11110","156076","183","C:\Users\ymt\AppData\Local\Temp\maxwell_LAPTOP-AJJKNQJR_8952.pjt","20","Setup1_env.dump","2026-06-02 21:34:29","9999","False","False","2026-06-03 01:04:18","0"
"2026-06-03 01:05:20","8952","2026-06-02 21:34:26","True","26.062","0.062","36915","168","469","2","46609642","15205","156259","183","C:\Users\ymt\AppData\Local\Temp\maxwell_LAPTOP-AJJKNQJR_8952.pjt","20","Setup1_env.dump","2026-06-02 21:34:29","9999","False","False","2026-06-03 01:05:19","0"
"2026-06-03 01:06:20","8952","2026-06-02 21:34:26","True","26.141","0.079","36940","25","471","2","46611834","2192","156442","183","C:\Users\ymt\AppData\Local\Temp\maxwell_LAPTOP-AJJKNQJR_8952.pjt","20","Setup1_env.dump","2026-06-02 21:34:29","9999","False","False","2026-06-03 01:06:20","0"
"2026-06-03 01:07:20","8952","2026-06-02 21:34:26","True","26.219","0.078","36943","3","472","1","46612024","190","156450","8","C:\Users\ymt\AppData\Local\Temp\maxwell_LAPTOP-AJJKNQJR_8952.pjt","20","Setup1_env.dump","2026-06-02 21:34:29","9999","False","False","2026-06-03 01:06:20","0"
"2026-06-03 01:08:20","8952","2026-06-02 21:34:26","True","26.25","0.031","36946","3","474","2","46612214","190","156633","183","C:\Users\ymt\AppData\Local\Temp\maxwell_LAPTOP-AJJKNQJR_8952.pjt","20","Setup1_env.dump","2026-06-02 21:34:29","9999","False","False","2026-06-03 01:07:20","0"
"2026-06-03 01:09:20","8952","2026-06-02 21:34:26","True","26.328","0.078","36949","3","476","2","46612404","190","156816","183","C:\Users\ymt\AppData\Local\Temp\maxwell_LAPTOP-AJJKNQJR_8952.pjt","20","Setup1_env.dump","2026-06-02 21:34:29","9999","False","False","2026-06-03 01:08:21","0"
"2026-06-03 01:10:20","8952","2026-06-02 21:34:26","True","26.406","0.078","36953","4","478","2","46612683","279","156999","183","C:\Users\ymt\AppData\Local\Temp\maxwell_LAPTOP-AJJKNQJR_8952.pjt","20","Setup1_env.dump","2026-06-02 21:34:29","9999","False","False","2026-06-03 01:09:22","0"
"2026-06-03 01:11:20","8952","2026-06-02 21:34:26","True","26.594","0.188","37375","422","709","231","78655125","32042442","1072635","915636","C:\Users\ymt\AppData\Local\Temp\maxwell_LAPTOP-AJJKNQJR_8952.pjt","26","Setup1_env.dump","2026-06-03 01:11:08","9999","True","True","2026-06-03 01:10:22","0"
"2026-06-03 01:12:20","","","","","","","","","","","","","","","","","","","","","",""
"2026-06-03 01:13:20","","","","","","","","","","","","","","","","","","","","","",""
"2026-06-03 01:14:20","","","","","","","","","","","","","","","","","","","","","",""
"2026-06-03 01:15:20","","","","","","","","","","","","","","","","","","","","","",""
"2026-06-03 01:16:20","","","","","","","","","","","","","","","","","","","","","",""
"2026-06-03 01:17:20","","","","","","","","","","","","","","","","","","","","","",""
"2026-06-03 01:18:20","","","","","","","","","","","","","","","","","","","","","",""
"2026-06-03 01:19:20","","","","","","","","","","","","","","","","","","","","","",""
"2026-06-03 01:20:20","","","","","","","","","","","","","","","","","","","","","",""
"2026-06-03 01:21:20","","","","","","","","","","","","","","","","","","","","","",""
"2026-06-03 01:22:20","","","","","","","","","","","","","","","","","","","","","",""
"2026-06-03 01:23:20","","","","","","","","","","","","","","","","","","","","","",""
"2026-06-03 01:24:21","","","","","","","","","","","","","","","","","","","","","",""
"2026-06-03 01:25:21","","","","","","","","","","","","","","","","","","","","","",""
"2026-06-03 01:26:21","","","","","","","","","","","","","","","","","","","","","",""
"2026-06-03 01:27:21","","","","","","","","","","","","","","","","","","","","","",""
"2026-06-03 01:28:21","","","","","","","","","","","","","","","","","","","","","",""
"2026-06-03 01:29:21","","","","","","","","","","","","","","","","","","","","","",""
"2026-06-03 01:30:21","","","","","","","","","","","","","","","","","","","","","",""
"2026-06-03 01:31:21","","","","","","","","","","","","","","","","","","","","","",""
"2026-06-03 01:32:21","","","","","","","","","","","","","","","","","","","","","",""
"2026-06-03 01:33:21","","","","","","","","","","","","","","","","","","","","","",""
"2026-06-03 01:34:21","","","","","","","","","","","","","","","","","","","","","",""
"2026-06-03 01:35:21","","","","","","","","","","","","","","","","","","","","","",""
"2026-06-03 01:36:21","","","","","","","","","","","","","","","","","","","","","",""
"2026-06-03 01:37:21","","","","","","","","","","","","","","","","","","","","","",""
"2026-06-03 01:38:21","","","","","","","","","","","","","","","","","","","","","",""
"2026-06-03 01:39:21","","","","","","","","","","","","","","","","","","","","","",""
"2026-06-03 01:40:21","","","","","","","","","","","","","","","","","","","","","",""
"2026-06-03 01:41:21","","","","","","","","","","","","","","","","","","","","","",""
"2026-06-03 01:42:21","","","","","","","","","","","","","","","","","","","","","",""
"2026-06-03 01:43:21","","","","","","","","","","","","","","","","","","","","","",""
"2026-06-03 01:44:21","","","","","","","","","","","","","","","","","","","","","",""
"2026-06-03 01:45:21","","","","","","","","","","","","","","","","","","","","","",""
"2026-06-03 01:46:21","","","","","","","","","","","","","","","","","","","","","",""
"2026-06-03 01:47:21","","","","","","","","","","","","","","","","","","","","","",""
"2026-06-03 01:48:21","","","","","","","","","","","","","","","","","","","","","",""
"2026-06-03 01:49:21","","","","","","","","","","","","","","","","","","","","","",""
"2026-06-03 01:50:21","","","","","","","","","","","","","","","","","","","","","",""
"2026-06-03 01:51:21","","","","","","","","","","","","","","","","","","","","","",""
"2026-06-03 01:52:21","","","","","","","","","","","","","","","","","","","","","",""
"2026-06-03 01:53:21","","","","","","","","","","","","","","","","","","","","","",""
"2026-06-03 01:54:21","","","","","","","","","","","","","","","","","","","","","",""
"2026-06-03 01:55:21","","","","","","","","","","","","","","","","","","","","","",""
"2026-06-03 01:56:21","","","","","","","","","","","","","","","","","","","","","",""
"2026-06-03 01:57:21","","","","","","","","","","","","","","","","","","","","","",""
"2026-06-03 01:58:21","","","","","","","","","","","","","","","","","","","","","",""
"2026-06-03 01:59:21","","","","","","","","","","","","","","","","","","","","","",""
"2026-06-03 02:00:21","","","","","","","","","","","","","","","","","","","","","",""
"2026-06-03 02:01:21","","","","","","","","","","","","","","","","","","","","","",""
"2026-06-03 02:02:21","","","","","","","","","","","","","","","","","","","","","",""
"2026-06-03 02:03:21","","","","","","","","","","","","","","","","","","","","","",""
"2026-06-03 02:04:22","","","","","","","","","","","","","","","","","","","","","",""
"2026-06-03 02:05:22","","","","","","","","","","","","","","","","","","","","","",""
"2026-06-03 02:06:22","","","","","","","","","","","","","","","","","","","","","",""
"2026-06-03 02:07:22","","","","","","","","","","","","","","","","","","","","","",""
"2026-06-03 02:08:22","","","","","","","","","","","","","","","","","","","","","",""
"2026-06-03 02:09:22","","","","","","","","","","","","","","","","","","","","","",""
"2026-06-03 02:10:22","","","","","","","","","","","","","","","","","","","","","",""
"2026-06-03 02:11:22","","","","","","","","","","","","","","","","","","","","","",""
"2026-06-03 02:12:22","","","","","","","","","","","","","","","","","","","","","",""
"2026-06-03 02:13:22","","","","","","","","","","","","","","","","","","","","","",""
"2026-06-03 02:14:22","","","","","","","","","","","","","","","","","","","","","",""
"2026-06-03 02:15:22","","","","","","","","","","","","","","","","","","","","","",""
"2026-06-03 02:16:22","","","","","","","","","","","","","","","","","","","","","",""
"2026-06-03 02:17:22","","","","","","","","","","","","","","","","","","","","","",""
"2026-06-03 02:18:22","","","","","","","","","","","","","","","","","","","","","",""
"2026-06-03 02:19:22","","","","","","","","","","","","","","","","","","","","","",""
"2026-06-03 02:20:22","","","","","","","","","","","","","","","","","","","","","",""
"2026-06-03 02:21:22","","","","","","","","","","","","","","","","","","","","","",""
"2026-06-03 02:22:22","","","","","","","","","","","","","","","","","","","","","",""
"2026-06-03 02:23:22","","","","","","","","","","","","","","","","","","","","","",""
"2026-06-03 02:24:22","","","","","","","","","","","","","","","","","","","","","",""
"2026-06-03 02:25:22","","","","","","","","","","","","","","","","","","","","","",""
"2026-06-03 02:26:22","","","","","","","","","","","","","","","","","","","","","",""
"2026-06-03 02:27:22","","","","","","","","","","","","","","","","","","","","","",""
"2026-06-03 02:28:22","","","","","","","","","","","","","","","","","","","","","",""
"2026-06-03 02:29:22","","","","","","","","","","","","","","","","","","","","","",""
"2026-06-03 02:30:22","","","","","","","","","","","","","","","","","","","","","",""
"2026-06-03 02:31:22","","","","","","","","","","","","","","","","","","","","","",""
"2026-06-03 02:32:22","","","","","","","","","","","","","","","","","","","","","",""
"2026-06-03 02:33:22","","","","","","","","","","","","","","","","","","","","","",""
"2026-06-03 02:34:22","","","","","","","","","","","","","","","","","","","","","",""
"2026-06-03 02:35:22","","","","","","","","","","","","","","","","","","","","","",""
"2026-06-03 02:36:22","","","","","","","","","","","","","","","","","","","","","",""
"2026-06-03 02:37:22","","","","","","","","","","","","","","","","","","","","","",""
"2026-06-03 02:38:22","","","","","","","","","","","","","","","","","","","","","",""
"2026-06-03 02:39:22","","","","","","","","","","","","","","","","","","","","","",""
"2026-06-03 02:40:22","","","","","","","","","","","","","","","","","","","","","",""
"2026-06-03 02:41:22","","","","","","","","","","","","","","","","","","","","","",""
"2026-06-03 02:42:23","","","","","","","","","","","","","","","","","","","","","",""
"2026-06-03 02:43:23","","","","","","","","","","","","","","","","","","","","","",""
"2026-06-03 02:44:23","","","","","","","","","","","","","","","","","","","","","",""
"2026-06-03 02:45:23","","","","","","","","","","","","","","","","","","","","","",""
"2026-06-03 02:46:23","","","","","","","","","","","","","","","","","","","","","",""
"2026-06-03 02:47:23","","","","","","","","","","","","","","","","","","","","","",""
"2026-06-03 02:48:23","","","","","","","","","","","","","","","","","","","","","",""
"2026-06-03 02:49:23","","","","","","","","","","","","","","","","","","","","","",""
"2026-06-03 02:50:23","","","","","","","","","","","","","","","","","","","","","",""
"2026-06-03 02:51:23","","","","","","","","","","","","","","","","","","","","","",""
"2026-06-03 02:52:23","","","","","","","","","","","","","","","","","","","","","",""
"2026-06-03 02:53:23","","","","","","","","","","","","","","","","","","","","","",""
"2026-06-03 02:54:23","","","","","","","","","","","","","","","","","","","","","",""
"2026-06-03 02:55:23","","","","","","","","","","","","","","","","","","","","","",""
"2026-06-03 02:56:23","","","","","","","","","","","","","","","","","","","","","",""
"2026-06-03 02:57:23","","","","","","","","","","","","","","","","","","","","","",""
"2026-06-03 02:58:23","","","","","","","","","","","","","","","","","","","","","",""
"2026-06-03 02:59:23","","","","","","","","","","","","","","","","","","","","","",""
"2026-06-03 03:00:23","","","","","","","","","","","","","","","","","","","","","",""
"2026-06-03 03:01:23","","","","","","","","","","","","","","","","","","","","","",""
"2026-06-03 03:02:23","","","","","","","","","","","","","","","","","","","","","",""
"2026-06-03 03:03:23","","","","","","","","","","","","","","","","","","","","","",""
"2026-06-03 03:04:23","","","","","","","","","","","","","","","","","","","","","",""
"2026-06-03 03:05:23","","","","","","","","","","","","","","","","","","","","","",""
"2026-06-03 03:06:23","","","","","","","","","","","","","","","","","","","","","",""
"2026-06-03 03:07:23","","","","","","","","","","","","","","","","","","","","","",""
"2026-06-03 03:08:23","","","","","","","","","","","","","","","","","","","","","",""
"2026-06-03 03:09:23","","","","","","","","","","","","","","","","","","","","","",""
"2026-06-03 03:10:23","","","","","","","","","","","","","","","","","","","","","",""
"2026-06-03 03:11:23","","","","","","","","","","","","","","","","","","","","","",""
"2026-06-03 03:12:23","","","","","","","","","","","","","","","","","","","","","",""
"2026-06-03 03:13:23","","","","","","","","","","","","","","","","","","","","","",""
"2026-06-03 03:14:23","","","","","","","","","","","","","","","","","","","","","",""
"2026-06-03 03:15:23","","","","","","","","","","","","","","","","","","","","","",""
"2026-06-03 03:16:23","","","","","","","","","","","","","","","","","","","","","",""
"2026-06-03 03:17:23","","","","","","","","","","","","","","","","","","","","","",""
"2026-06-03 03:18:23","","","","","","","","","","","","","","","","","","","","","",""
"2026-06-03 03:19:23","","","","","","","","","","","","","","","","","","","","","",""
"2026-06-03 03:20:23","","","","","","","","","","","","","","","","","","","","","",""
"2026-06-03 03:21:23","","","","","","","","","","","","","","","","","","","","","",""
"2026-06-03 03:22:23","","","","","","","","","","","","","","","","","","","","","",""
"2026-06-03 03:23:24","","","","","","","","","","","","","","","","","","","","","",""
"2026-06-03 03:24:24","","","","","","","","","","","","","","","","","","","","","",""
"2026-06-03 03:25:24","","","","","","","","","","","","","","","","","","","","","",""
"2026-06-03 03:26:24","","","","","","","","","","","","","","","","","","","","","",""
"2026-06-03 03:27:24","","","","","","","","","","","","","","","","","","","","","",""
"2026-06-03 03:28:24","","","","","","","","","","","","","","","","","","","","","",""
"2026-06-03 03:29:24","","","","","","","","","","","","","","","","","","","","","",""
"2026-06-03 03:30:24","","","","","","","","","","","","","","","","","","","","","",""
"2026-06-03 03:31:24","","","","","","","","","","","","","","","","","","","","","",""
"2026-06-03 03:32:24","","","","","","","","","","","","","","","","","","","","","",""
"2026-06-03 03:33:24","","","","","","","","","","","","","","","","","","","","","",""
"2026-06-03 03:34:24","","","","","","","","","","","","","","","","","","","","","",""
"2026-06-03 03:35:24","","","","","","","","","","","","","","","","","","","","","",""
"2026-06-03 03:36:24","","","","","","","","","","","","","","","","","","","","","",""
"2026-06-03 03:37:24","","","","","","","","","","","","","","","","","","","","","",""
"2026-06-03 03:38:24","","","","","","","","","","","","","","","","","","","","","",""
"2026-06-03 03:39:24","","","","","","","","","","","","","","","","","","","","","",""
"2026-06-03 03:40:24","","","","","","","","","","","","","","","","","","","","","",""
"2026-06-03 03:41:24","","","","","","","","","","","","","","","","","","","","","",""
"2026-06-03 03:42:24","","","","","","","","","","","","","","","","","","","","","",""
"2026-06-03 03:43:24","","","","","","","","","","","","","","","","","","","","","",""
"2026-06-03 03:44:24","","","","","","","","","","","","","","","","","","","","","",""
"2026-06-03 03:45:24","","","","","","","","","","","","","","","","","","","","","",""
"2026-06-03 03:46:24","","","","","","","","","","","","","","","","","","","","","",""
"2026-06-03 03:47:24","","","","","","","","","","","","","","","","","","","","","",""
"2026-06-03 03:48:24","","","","","","","","","","","","","","","","","","","","","",""
"2026-06-03 03:49:24","","","","","","","","","","","","","","","","","","","","","",""
"2026-06-03 03:50:24","","","","","","","","","","","","","","","","","","","","","",""
"2026-06-03 03:51:24","","","","","","","","","","","","","","","","","","","","","",""
"2026-06-03 03:52:24","","","","","","","","","","","","","","","","","","","","","",""
"2026-06-03 03:53:24","","","","","","","","","","","","","","","","","","","","","",""
"2026-06-03 03:54:24","","","","","","","","","","","","","","","","","","","","","",""
"2026-06-03 03:55:24","","","","","","","","","","","","","","","","","","","","","",""
"2026-06-03 03:56:24","","","","","","","","","","","","","","","","","","","","","",""
"2026-06-03 03:57:24","","","","","","","","","","","","","","","","","","","","","",""
"2026-06-03 03:58:24","","","","","","","","","","","","","","","","","","","","","",""
"2026-06-03 03:59:24","","","","","","","","","","","","","","","","","","","","","",""
"2026-06-03 04:00:24","","","","","","","","","","","","","","","","","","","","","",""
"2026-06-03 04:01:25","","","","","","","","","","","","","","","","","","","","","",""
"2026-06-03 04:02:25","","","","","","","","","","","","","","","","","","","","","",""
"2026-06-03 04:03:25","","","","","","","","","","","","","","","","","","","","","",""
"2026-06-03 04:04:25","","","","","","","","","","","","","","","","","","","","","",""
"2026-06-03 04:05:25","","","","","","","","","","","","","","","","","","","","","",""
"2026-06-03 04:06:25","","","","","","","","","","","","","","","","","","","","","",""
"2026-06-03 04:07:25","","","","","","","","","","","","","","","","","","","","","",""
"2026-06-03 04:08:25","","","","","","","","","","","","","","","","","","","","","",""
"2026-06-03 04:09:25","","","","","","","","","","","","","","","","","","","","","",""
"2026-06-03 04:10:25","","","","","","","","","","","","","","","","","","","","","",""
"2026-06-03 04:11:25","","","","","","","","","","","","","","","","","","","","","",""
"2026-06-03 04:12:25","","","","","","","","","","","","","","","","","","","","","",""
"2026-06-03 04:13:25","","","","","","","","","","","","","","","","","","","","","",""
"2026-06-03 04:14:25","","","","","","","","","","","","","","","","","","","","","",""
"2026-06-03 04:15:25","","","","","","","","","","","","","","","","","","","","","",""
"2026-06-03 04:16:25","","","","","","","","","","","","","","","","","","","","","",""
"2026-06-03 04:17:25","","","","","","","","","","","","","","","","","","","","","",""
"2026-06-03 04:18:25","","","","","","","","","","","","","","","","","","","","","",""
"2026-06-03 04:19:25","","","","","","","","","","","","","","","","","","","","","",""
"2026-06-03 04:20:25","","","","","","","","","","","","","","","","","","","","","",""
"2026-06-03 04:21:25","","","","","","","","","","","","","","","","","","","","","",""
"2026-06-03 04:22:25","","","","","","","","","","","","","","","","","","","","","",""
"2026-06-03 04:23:25","","","","","","","","","","","","","","","","","","","","","",""
"2026-06-03 04:24:25","","","","","","","","","","","","","","","","","","","","","",""
"2026-06-03 04:25:25","","","","","","","","","","","","","","","","","","","","","",""
"2026-06-03 04:26:25","","","","","","","","","","","","","","","","","","","","","",""
"2026-06-03 04:27:25","","","","","","","","","","","","","","","","","","","","","",""
"2026-06-03 04:28:25","","","","","","","","","","","","","","","","","","","","","",""
"2026-06-03 04:29:25","","","","","","","","","","","","","","","","","","","","","",""
"2026-06-03 04:30:25","","","","","","","","","","","","","","","","","","","","","",""
"2026-06-03 04:31:25","","","","","","","","","","","","","","","","","","","","","",""
"2026-06-03 04:32:25","","","","","","","","","","","","","","","","","","","","","",""
"2026-06-03 04:33:25","","","","","","","","","","","","","","","","","","","","","",""
"2026-06-03 04:34:25","","","","","","","","","","","","","","","","","","","","","",""
"2026-06-03 04:35:25","","","","","","","","","","","","","","","","","","","","","",""
"2026-06-03 04:36:25","","","","","","","","","","","","","","","","","","","","","",""
"2026-06-03 04:37:25","","","","","","","","","","","","","","","","","","","","","",""
"2026-06-03 04:38:25","","","","","","","","","","","","","","","","","","","","","",""
"2026-06-03 04:39:25","","","","","","","","","","","","","","","","","","","","","",""
"2026-06-03 04:40:26","","","","","","","","","","","","","","","","","","","","","",""
"2026-06-03 04:41:26","","","","","","","","","","","","","","","","","","","","","",""
"2026-06-03 04:42:26","","","","","","","","","","","","","","","","","","","","","",""
"2026-06-03 04:43:26","","","","","","","","","","","","","","","","","","","","","",""
"2026-06-03 04:44:26","","","","","","","","","","","","","","","","","","","","","",""
"2026-06-03 04:45:26","","","","","","","","","","","","","","","","","","","","","",""
"2026-06-03 04:46:26","","","","","","","","","","","","","","","","","","","","","",""
"2026-06-03 04:47:26","","","","","","","","","","","","","","","","","","","","","",""
"2026-06-03 04:48:26","","","","","","","","","","","","","","","","","","","","","",""
"2026-06-03 04:49:26","","","","","","","","","","","","","","","","","","","","","",""
"2026-06-03 04:50:26","","","","","","","","","","","","","","","","","","","","","",""
"2026-06-03 04:51:26","","","","","","","","","","","","","","","","","","","","","",""
"2026-06-03 04:52:26","","","","","","","","","","","","","","","","","","","","","",""
"2026-06-03 04:53:26","","","","","","","","","","","","","","","","","","","","","",""
"2026-06-03 04:54:26","","","","","","","","","","","","","","","","","","","","","",""
"2026-06-03 04:55:26","","","","","","","","","","","","","","","","","","","","","",""
"2026-06-03 04:56:26","","","","","","","","","","","","","","","","","","","","","",""
"2026-06-03 04:57:26","","","","","","","","","","","","","","","","","","","","","",""
"2026-06-03 04:58:26","","","","","","","","","","","","","","","","","","","","","",""
"2026-06-03 04:59:26","","","","","","","","","","","","","","","","","","","","","",""
"2026-06-03 05:00:26","","","","","","","","","","","","","","","","","","","","","",""
"2026-06-03 05:01:26","","","","","","","","","","","","","","","","","","","","","",""
"2026-06-03 05:02:26","","","","","","","","","","","","","","","","","","","","","",""
"2026-06-03 05:03:26","","","","","","","","","","","","","","","","","","","","","",""
"2026-06-03 05:04:26","","","","","","","","","","","","","","","","","","","","","",""
"2026-06-03 05:05:26","","","","","","","","","","","","","","","","","","","","","",""
"2026-06-03 05:06:26","","","","","","","","","","","","","","","","","","","","","",""
"2026-06-03 05:07:26","","","","","","","","","","","","","","","","","","","","","",""
"2026-06-03 05:08:26","","","","","","","","","","","","","","","","","","","","","",""
"2026-06-03 05:09:26","","","","","","","","","","","","","","","","","","","","","",""
"2026-06-03 05:10:26","","","","","","","","","","","","","","","","","","","","","",""
"2026-06-03 05:11:26","","","","","","","","","","","","","","","","","","","","","",""
"2026-06-03 05:12:26","","","","","","","","","","","","","","","","","","","","","",""
"2026-06-03 05:13:26","","","","","","","","","","","","","","","","","","","","","",""
"2026-06-03 05:14:26","","","","","","","","","","","","","","","","","","","","","",""
"2026-06-03 05:15:26","","","","","","","","","","","","","","","","","","","","","",""
"2026-06-03 05:16:26","","","","","","","","","","","","","","","","","","","","","",""
"2026-06-03 05:17:26","","","","","","","","","","","","","","","","","","","","","",""
"2026-06-03 05:18:26","","","","","","","","","","","","","","","","","","","","","",""
"2026-06-03 05:19:26","","","","","","","","","","","","","","","","","","","","","",""
"2026-06-03 05:20:27","","","","","","","","","","","","","","","","","","","","","",""
"2026-06-03 05:21:27","","","","","","","","","","","","","","","","","","","","","",""
"2026-06-03 05:22:27","","","","","","","","","","","","","","","","","","","","","",""
"2026-06-03 05:23:27","","","","","","","","","","","","","","","","","","","","","",""
"2026-06-03 05:24:27","","","","","","","","","","","","","","","","","","","","","",""
"2026-06-03 05:25:27","","","","","","","","","","","","","","","","","","","","","",""
"2026-06-03 05:26:27","","","","","","","","","","","","","","","","","","","","","",""
"2026-06-03 05:27:27","","","","","","","","","","","","","","","","","","","","","",""
"2026-06-03 05:28:27","","","","","","","","","","","","","","","","","","","","","",""
"2026-06-03 05:29:27","","","","","","","","","","","","","","","","","","","","","",""
"2026-06-03 05:30:27","","","","","","","","","","","","","","","","","","","","","",""
"2026-06-03 05:31:27","","","","","","","","","","","","","","","","","","","","","",""
"2026-06-03 05:32:27","","","","","","","","","","","","","","","","","","","","","",""
"2026-06-03 05:33:27","","","","","","","","","","","","","","","","","","","","","",""
"2026-06-03 05:34:27","","","","","","","","","","","","","","","","","","","","","",""
"2026-06-03 05:35:27","","","","","","","","","","","","","","","","","","","","","",""
"2026-06-03 05:36:27","","","","","","","","","","","","","","","","","","","","","",""
"2026-06-03 05:37:27","","","","","","","","","","","","","","","","","","","","","",""
"2026-06-03 05:38:27","","","","","","","","","","","","","","","","","","","","","",""
"2026-06-03 05:39:27","","","","","","","","","","","","","","","","","","","","","",""
"2026-06-03 05:40:27","","","","","","","","","","","","","","","","","","","","","",""
"2026-06-03 05:41:27","","","","","","","","","","","","","","","","","","","","","",""
"2026-06-03 05:42:27","","","","","","","","","","","","","","","","","","","","","",""
"2026-06-03 05:43:27","","","","","","","","","","","","","","","","","","","","","",""
"2026-06-03 05:44:27","","","","","","","","","","","","","","","","","","","","","",""
"2026-06-03 05:45:27","","","","","","","","","","","","","","","","","","","","","",""
"2026-06-03 05:46:27","","","","","","","","","","","","","","","","","","","","","",""
"2026-06-03 05:47:27","","","","","","","","","","","","","","","","","","","","","",""
"2026-06-03 05:48:27","","","","","","","","","","","","","","","","","","","","","",""
"2026-06-03 05:49:27","","","","","","","","","","","","","","","","","","","","","",""
"2026-06-03 05:50:27","","","","","","","","","","","","","","","","","","","","","",""
"2026-06-03 05:51:27","","","","","","","","","","","","","","","","","","","","","",""
"2026-06-03 05:52:27","","","","","","","","","","","","","","","","","","","","","",""
"2026-06-03 05:53:27","","","","","","","","","","","","","","","","","","","","","",""
"2026-06-03 05:54:27","","","","","","","","","","","","","","","","","","","","","",""
"2026-06-03 05:55:27","","","","","","","","","","","","","","","","","","","","","",""
"2026-06-03 05:56:27","","","","","","","","","","","","","","","","","","","","","",""
"2026-06-03 05:57:27","","","","","","","","","","","","","","","","","","","","","",""
"2026-06-03 05:58:27","","","","","","","","","","","","","","","","","","","","","",""
"2026-06-03 05:59:27","","","","","","","","","","","","","","","","","","","","","",""
"2026-06-03 06:00:27","","","","","","","","","","","","","","","","","","","","","",""
"2026-06-03 06:01:28","","","","","","","","","","","","","","","","","","","","","",""
"2026-06-03 06:02:28","","","","","","","","","","","","","","","","","","","","","",""
"2026-06-03 06:03:28","","","","","","","","","","","","","","","","","","","","","",""
"2026-06-03 06:04:28","","","","","","","","","","","","","","","","","","","","","",""
"2026-06-03 06:05:28","","","","","","","","","","","","","","","","","","","","","",""
"2026-06-03 06:06:28","","","","","","","","","","","","","","","","","","","","","",""
"2026-06-03 06:07:28","","","","","","","","","","","","","","","","","","","","","",""
"2026-06-03 06:08:28","","","","","","","","","","","","","","","","","","","","","",""
"2026-06-03 06:09:28","","","","","","","","","","","","","","","","","","","","","",""
"2026-06-03 06:10:28","","","","","","","","","","","","","","","","","","","","","",""
"2026-06-03 06:11:28","","","","","","","","","","","","","","","","","","","","","",""
"2026-06-03 06:12:28","","","","","","","","","","","","","","","","","","","","","",""
"2026-06-03 06:13:28","","","","","","","","","","","","","","","","","","","","","",""
"2026-06-03 06:14:28","","","","","","","","","","","","","","","","","","","","","",""
"2026-06-03 06:15:28","","","","","","","","","","","","","","","","","","","","","",""
"2026-06-03 06:16:28","","","","","","","","","","","","","","","","","","","","","",""
"2026-06-03 06:17:28","","","","","","","","","","","","","","","","","","","","","",""
"2026-06-03 06:18:28","","","","","","","","","","","","","","","","","","","","","",""
"2026-06-03 06:19:28","","","","","","","","","","","","","","","","","","","","","",""
"2026-06-03 06:20:28","","","","","","","","","","","","","","","","","","","","","",""
"2026-06-03 06:21:28","","","","","","","","","","","","","","","","","","","","","",""
"2026-06-03 06:22:28","","","","","","","","","","","","","","","","","","","","","",""
"2026-06-03 06:23:28","","","","","","","","","","","","","","","","","","","","","",""
"2026-06-03 06:24:28","","","","","","","","","","","","","","","","","","","","","",""
"2026-06-03 06:25:28","","","","","","","","","","","","","","","","","","","","","",""
"2026-06-03 06:26:28","","","","","","","","","","","","","","","","","","","","","",""
"2026-06-03 06:27:28","","","","","","","","","","","","","","","","","","","","","",""
"2026-06-03 06:28:28","","","","","","","","","","","","","","","","","","","","","",""
"2026-06-03 06:29:28","","","","","","","","","","","","","","","","","","","","","",""
"2026-06-03 06:30:28","","","","","","","","","","","","","","","","","","","","","",""
"2026-06-03 06:31:28","","","","","","","","","","","","","","","","","","","","","",""
"2026-06-03 06:32:28","","","","","","","","","","","","","","","","","","","","","",""
"2026-06-03 06:33:28","","","","","","","","","","","","","","","","","","","","","",""
"2026-06-03 06:34:28","","","","","","","","","","","","","","","","","","","","","",""
"2026-06-03 06:35:28","","","","","","","","","","","","","","","","","","","","","",""
"2026-06-03 06:36:28","","","","","","","","","","","","","","","","","","","","","",""
"2026-06-03 06:37:28","","","","","","","","","","","","","","","","","","","","","",""
"2026-06-03 06:38:28","","","","","","","","","","","","","","","","","","","","","",""
"2026-06-03 06:39:28","","","","","","","","","","","","","","","","","","","","","",""
"2026-06-03 06:40:28","","","","","","","","","","","","","","","","","","","","","",""
"2026-06-03 06:41:29","","","","","","","","","","","","","","","","","","","","","",""
"2026-06-03 06:42:29","","","","","","","","","","","","","","","","","","","","","",""
"2026-06-03 06:43:29","","","","","","","","","","","","","","","","","","","","","",""
"2026-06-03 06:44:29","","","","","","","","","","","","","","","","","","","","","",""
"2026-06-03 06:45:29","","","","","","","","","","","","","","","","","","","","","",""
"2026-06-03 06:46:29","","","","","","","","","","","","","","","","","","","","","",""
"2026-06-03 06:47:29","","","","","","","","","","","","","","","","","","","","","",""
"2026-06-03 06:48:29","","","","","","","","","","","","","","","","","","","","","",""
"2026-06-03 06:49:29","","","","","","","","","","","","","","","","","","","","","",""
"2026-06-03 06:50:29","","","","","","","","","","","","","","","","","","","","","",""
"2026-06-03 06:51:29","","","","","","","","","","","","","","","","","","","","","",""
"2026-06-03 06:52:29","","","","","","","","","","","","","","","","","","","","","",""
"2026-06-03 06:53:29","","","","","","","","","","","","","","","","","","","","","",""
"2026-06-03 06:54:29","","","","","","","","","","","","","","","","","","","","","",""
"2026-06-03 06:55:29","","","","","","","","","","","","","","","","","","","","","",""
"2026-06-03 06:56:29","","","","","","","","","","","","","","","","","","","","","",""
"2026-06-03 06:57:29","","","","","","","","","","","","","","","","","","","","","",""
"2026-06-03 06:58:29","","","","","","","","","","","","","","","","","","","","","",""
"2026-06-03 06:59:29","","","","","","","","","","","","","","","","","","","","","",""
"2026-06-03 07:00:29","","","","","","","","","","","","","","","","","","","","","",""
"2026-06-03 07:01:29","","","","","","","","","","","","","","","","","","","","","",""
"2026-06-03 07:02:29","","","","","","","","","","","","","","","","","","","","","",""
"2026-06-03 07:03:29","","","","","","","","","","","","","","","","","","","","","",""
"2026-06-03 07:04:29","","","","","","","","","","","","","","","","","","","","","",""
"2026-06-03 07:05:29","","","","","","","","","","","","","","","","","","","","","",""
"2026-06-03 07:06:29","","","","","","","","","","","","","","","","","","","","","",""
"2026-06-03 07:07:29","","","","","","","","","","","","","","","","","","","","","",""
"2026-06-03 07:08:29","","","","","","","","","","","","","","","","","","","","","",""
"2026-06-03 07:09:29","","","","","","","","","","","","","","","","","","","","","",""
"2026-06-03 07:10:29","","","","","","","","","","","","","","","","","","","","","",""
"2026-06-03 07:11:29","","","","","","","","","","","","","","","","","","","","","",""
"2026-06-03 07:12:29","","","","","","","","","","","","","","","","","","","","","",""
"2026-06-03 07:13:29","","","","","","","","","","","","","","","","","","","","","",""
"2026-06-03 07:14:29","","","","","","","","","","","","","","","","","","","","","",""
"2026-06-03 07:15:29","","","","","","","","","","","","","","","","","","","","","",""
"2026-06-03 07:16:29","","","","","","","","","","","","","","","","","","","","","",""
"2026-06-03 07:17:29","","","","","","","","","","","","","","","","","","","","","",""
"2026-06-03 07:18:30","","","","","","","","","","","","","","","","","","","","","",""
"2026-06-03 07:19:30","","","","","","","","","","","","","","","","","","","","","",""
"2026-06-03 07:20:30","","","","","","","","","","","","","","","","","","","","","",""
"2026-06-03 07:21:30","","","","","","","","","","","","","","","","","","","","","",""
"2026-06-03 07:22:30","","","","","","","","","","","","","","","","","","","","","",""
"2026-06-03 07:23:30","","","","","","","","","","","","","","","","","","","","","",""
"2026-06-03 07:24:30","","","","","","","","","","","","","","","","","","","","","",""
"2026-06-03 07:25:30","","","","","","","","","","","","","","","","","","","","","",""
"2026-06-03 07:26:30","","","","","","","","","","","","","","","","","","","","","",""
"2026-06-03 07:27:30","","","","","","","","","","","","","","","","","","","","","",""
"2026-06-03 07:28:30","","","","","","","","","","","","","","","","","","","","","",""
"2026-06-03 07:29:30","","","","","","","","","","","","","","","","","","","","","",""
"2026-06-03 07:30:30","","","","","","","","","","","","","","","","","","","","","",""
"2026-06-03 07:31:30","","","","","","","","","","","","","","","","","","","","","",""
"2026-06-03 07:32:30","","","","","","","","","","","","","","","","","","","","","",""
"2026-06-03 07:33:30","","","","","","","","","","","","","","","","","","","","","",""
"2026-06-03 07:34:30","","","","","","","","","","","","","","","","","","","","","",""
"2026-06-03 07:35:30","","","","","","","","","","","","","","","","","","","","","",""
"2026-06-03 07:36:30","","","","","","","","","","","","","","","","","","","","","",""
"2026-06-03 07:37:30","","","","","","","","","","","","","","","","","","","","","",""
"2026-06-03 07:38:30","","","","","","","","","","","","","","","","","","","","","",""
"2026-06-03 07:39:30","","","","","","","","","","","","","","","","","","","","","",""
"2026-06-03 07:40:30","","","","","","","","","","","","","","","","","","","","","",""
"2026-06-03 07:41:30","","","","","","","","","","","","","","","","","","","","","",""
"2026-06-03 07:42:30","","","","","","","","","","","","","","","","","","","","","",""
"2026-06-03 07:43:30","","","","","","","","","","","","","","","","","","","","","",""
"2026-06-03 07:44:30","","","","","","","","","","","","","","","","","","","","","",""
"2026-06-03 07:45:30","","","","","","","","","","","","","","","","","","","","","",""
"2026-06-03 07:46:30","","","","","","","","","","","","","","","","","","","","","",""
"2026-06-03 07:47:30","","","","","","","","","","","","","","","","","","","","","",""
"2026-06-03 07:48:30","","","","","","","","","","","","","","","","","","","","","",""
"2026-06-03 07:49:30","","","","","","","","","","","","","","","","","","","","","",""
"2026-06-03 07:50:30","","","","","","","","","","","","","","","","","","","","","",""
"2026-06-03 07:51:30","","","","","","","","","","","","","","","","","","","","","",""
"2026-06-03 07:52:30","","","","","","","","","","","","","","","","","","","","","",""
"2026-06-03 07:53:30","","","","","","","","","","","","","","","","","","","","","",""
"2026-06-03 07:54:30","","","","","","","","","","","","","","","","","","","","","",""
"2026-06-03 07:55:30","","","","","","","","","","","","","","","","","","","","","",""
"2026-06-03 07:56:31","","","","","","","","","","","","","","","","","","","","","",""
"2026-06-03 07:57:31","","","","","","","","","","","","","","","","","","","","","",""
"2026-06-03 07:58:31","","","","","","","","","","","","","","","","","","","","","",""
"2026-06-03 07:59:31","","","","","","","","","","","","","","","","","","","","","",""
"2026-06-03 08:00:31","","","","","","","","","","","","","","","","","","","","","",""
"2026-06-03 08:01:31","","","","","","","","","","","","","","","","","","","","","",""
"2026-06-03 08:02:31","","","","","","","","","","","","","","","","","","","","","",""
"2026-06-03 08:03:31","","","","","","","","","","","","","","","","","","","","","",""
"2026-06-03 08:04:31","","","","","","","","","","","","","","","","","","","","","",""
"2026-06-03 08:05:31","","","","","","","","","","","","","","","","","","","","","",""
"2026-06-03 08:06:31","","","","","","","","","","","","","","","","","","","","","",""
"2026-06-03 08:07:31","","","","","","","","","","","","","","","","","","","","","",""
"2026-06-03 08:08:31","","","","","","","","","","","","","","","","","","","","","",""
"2026-06-03 08:09:31","","","","","","","","","","","","","","","","","","","","","",""
"2026-06-03 08:10:31","","","","","","","","","","","","","","","","","","","","","",""
"2026-06-03 08:11:31","","","","","","","","","","","","","","","","","","","","","",""
"2026-06-03 08:12:31","","","","","","","","","","","","","","","","","","","","","",""
"2026-06-03 08:13:31","","","","","","","","","","","","","","","","","","","","","",""
"2026-06-03 08:14:31","","","","","","","","","","","","","","","","","","","","","",""
"2026-06-03 08:15:31","","","","","","","","","","","","","","","","","","","","","",""
"2026-06-03 08:16:31","","","","","","","","","","","","","","","","","","","","","",""
"2026-06-03 08:17:31","","","","","","","","","","","","","","","","","","","","","",""
"2026-06-03 08:18:31","","","","","","","","","","","","","","","","","","","","","",""
"2026-06-03 08:19:31","","","","","","","","","","","","","","","","","","","","","",""
"2026-06-03 08:20:31","","","","","","","","","","","","","","","","","","","","","",""
"2026-06-03 08:21:31","","","","","","","","","","","","","","","","","","","","","",""
"2026-06-03 08:22:31","","","","","","","","","","","","","","","","","","","","","",""
"2026-06-03 08:23:31","","","","","","","","","","","","","","","","","","","","","",""
"2026-06-03 08:24:31","","","","","","","","","","","","","","","","","","","","","",""
"2026-06-03 08:25:31","","","","","","","","","","","","","","","","","","","","","",""
"2026-06-03 08:26:31","","","","","","","","","","","","","","","","","","","","","",""
"2026-06-03 08:27:31","","","","","","","","","","","","","","","","","","","","","",""
"2026-06-03 08:28:31","","","","","","","","","","","","","","","","","","","","","",""
"2026-06-03 08:29:31","","","","","","","","","","","","","","","","","","","","","",""
"2026-06-03 08:30:31","","","","","","","","","","","","","","","","","","","","","",""
"2026-06-03 08:31:31","","","","","","","","","","","","","","","","","","","","","",""
"2026-06-03 08:32:31","","","","","","","","","","","","","","","","","","","","","",""
"2026-06-03 08:33:31","","","","","","","","","","","","","","","","","","","","","",""
"2026-06-03 08:34:31","","","","","","","","","","","","","","","","","","","","","",""
"2026-06-03 08:35:31","","","","","","","","","","","","","","","","","","","","","",""
"2026-06-03 08:36:31","","","","","","","","","","","","","","","","","","","","","",""
"2026-06-03 08:37:31","","","","","","","","","","","","","","","","","","","","","",""
"2026-06-03 08:38:32","","","","","","","","","","","","","","","","","","","","","",""
"2026-06-03 08:39:32","","","","","","","","","","","","","","","","","","","","","",""
"2026-06-03 08:40:32","","","","","","","","","","","","","","","","","","","","","",""
"2026-06-03 08:41:32","","","","","","","","","","","","","","","","","","","","","",""
"2026-06-03 08:42:32","","","","","","","","","","","","","","","","","","","","","",""
"2026-06-03 08:43:32","","","","","","","","","","","","","","","","","","","","","",""
"2026-06-03 08:44:32","","","","","","","","","","","","","","","","","","","","","",""
"2026-06-03 08:45:32","","","","","","","","","","","","","","","","","","","","","",""
"2026-06-03 08:46:32","","","","","","","","","","","","","","","","","","","","","",""
"2026-06-03 08:47:32","","","","","","","","","","","","","","","","","","","","","",""
"2026-06-03 08:48:32","","","","","","","","","","","","","","","","","","","","","",""
"2026-06-03 08:49:32","","","","","","","","","","","","","","","","","","","","","",""
"2026-06-03 08:50:32","","","","","","","","","","","","","","","","","","","","","",""
"2026-06-03 08:51:32","","","","","","","","","","","","","","","","","","","","","",""
"2026-06-03 08:52:32","","","","","","","","","","","","","","","","","","","","","",""
"2026-06-03 08:53:32","","","","","","","","","","","","","","","","","","","","","",""
"2026-06-03 08:54:32","","","","","","","","","","","","","","","","","","","","","",""
"2026-06-03 08:55:32","","","","","","","","","","","","","","","","","","","","","",""
"2026-06-03 08:56:32","","","","","","","","","","","","","","","","","","","","","",""
"2026-06-03 08:57:32","","","","","","","","","","","","","","","","","","","","","",""
"2026-06-03 08:58:32","","","","","","","","","","","","","","","","","","","","","",""
"2026-06-03 08:59:32","","","","","","","","","","","","","","","","","","","","","",""
"2026-06-03 09:00:32","","","","","","","","","","","","","","","","","","","","","",""
"2026-06-03 09:01:32","","","","","","","","","","","","","","","","","","","","","",""
"2026-06-03 09:02:32","","","","","","","","","","","","","","","","","","","","","",""
"2026-06-03 09:03:32","","","","","","","","","","","","","","","","","","","","","",""
"2026-06-03 09:04:32","","","","","","","","","","","","","","","","","","","","","",""
"2026-06-03 09:05:32","","","","","","","","","","","","","","","","","","","","","",""
"2026-06-03 09:06:32","","","","","","","","","","","","","","","","","","","","","",""
"2026-06-03 09:07:32","","","","","","","","","","","","","","","","","","","","","",""
"2026-06-03 09:08:32","","","","","","","","","","","","","","","","","","","","","",""
"2026-06-03 09:09:32","","","","","","","","","","","","","","","","","","","","","",""
"2026-06-03 09:10:32","","","","","","","","","","","","","","","","","","","","","",""
"2026-06-03 09:11:32","","","","","","","","","","","","","","","","","","","","","",""
"2026-06-03 09:12:32","","","","","","","","","","","","","","","","","","","","","",""
"2026-06-03 09:13:32","","","","","","","","","","","","","","","","","","","","","",""
"2026-06-03 09:14:32","","","","","","","","","","","","","","","","","","","","","",""
"2026-06-03 09:15:32","28772","2026-06-03 09:15:23","True","0.875","","224","","59","","42282571","","124160","","C:\Users\ymt\AppData\Local\Temp\maxwell_LAPTOP-AJJKNQJR_28772.pjt","20","Setup1_env.dump","2026-06-03 09:15:26","9999","False","False","2026-06-03 09:15:25","0"
"2026-06-03 09:16:33","28772","2026-06-03 09:15:23","True","1.062","0.188","722","498","60","1","42441538","158967","124335","175","C:\Users\ymt\AppData\Local\Temp\maxwell_LAPTOP-AJJKNQJR_28772.pjt","20","Setup1_env.dump","2026-06-03 09:15:26","9999","False","False","2026-06-03 09:16:25","0"
"2026-06-03 09:17:33","28772","2026-06-03 09:15:23","True","1.203","0.141","1275","553","62","2","42584944","143406","124518","183","C:\Users\ymt\AppData\Local\Temp\maxwell_LAPTOP-AJJKNQJR_28772.pjt","20","Setup1_env.dump","2026-06-03 09:15:26","9999","False","False","2026-06-03 09:17:26","0"
"2026-06-03 09:18:33","28772","2026-06-03 09:15:23","True","1.344","0.141","1593","318","64","2","42688480","103536","124701","183","C:\Users\ymt\AppData\Local\Temp\maxwell_LAPTOP-AJJKNQJR_28772.pjt","20","Setup1_env.dump","2026-06-03 09:15:26","9999","False","False","2026-06-03 09:18:26","0"
"2026-06-03 09:19:33","28772","2026-06-03 09:15:23","True","1.406","0.062","2003","410","65","1","42806827","118347","124876","175","C:\Users\ymt\AppData\Local\Temp\maxwell_LAPTOP-AJJKNQJR_28772.pjt","20","Setup1_env.dump","2026-06-03 09:15:26","9999","False","False","2026-06-03 09:19:27","0"
"2026-06-03 09:20:33","28772","2026-06-03 09:15:23","True","1.469","0.063","2543","540","67","2","42888285","81458","125059","183","C:\Users\ymt\AppData\Local\Temp\maxwell_LAPTOP-AJJKNQJR_28772.pjt","20","Setup1_env.dump","2026-06-03 09:15:26","9999","False","False","2026-06-03 09:20:28","0"
"2026-06-03 09:21:33","28772","2026-06-03 09:15:23","True","1.609","0.14","3098","555","69","2","43009161","120876","125242","183","C:\Users\ymt\AppData\Local\Temp\maxwell_LAPTOP-AJJKNQJR_28772.pjt","20","Setup1_env.dump","2026-06-03 09:15:26","9999","False","False","2026-06-03 09:21:28","0"
"2026-06-03 09:22:33","28772","2026-06-03 09:15:23","True","1.766","0.157","3455","357","71","2","43093582","84421","125425","183","C:\Users\ymt\AppData\Local\Temp\maxwell_LAPTOP-AJJKNQJR_28772.pjt","20","Setup1_env.dump","2026-06-03 09:15:26","9999","False","False","2026-06-03 09:22:29","0"
"2026-06-03 09:23:33","28772","2026-06-03 09:15:23","True","1.844","0.078","3830","375","72","1","43194444","100862","125600","175","C:\Users\ymt\AppData\Local\Temp\maxwell_LAPTOP-AJJKNQJR_28772.pjt","20","Setup1_env.dump","2026-06-03 09:15:26","9999","False","False","2026-06-03 09:23:29","0"
"2026-06-03 09:24:33","28772","2026-06-03 09:15:23","True","2","0.156","4352","522","74","2","43254122","59678","125783","183","C:\Users\ymt\AppData\Local\Temp\maxwell_LAPTOP-AJJKNQJR_28772.pjt","20","Setup1_env.dump","2026-06-03 09:15:26","9999","False","False","2026-06-03 09:24:30","0"
"2026-06-03 09:25:34","28772","2026-06-03 09:15:23","True","2.094","0.094","4903","551","76","2","43349979","95857","125966","183","C:\Users\ymt\AppData\Local\Temp\maxwell_LAPTOP-AJJKNQJR_28772.pjt","20","Setup1_env.dump","2026-06-03 09:15:26","9999","False","False","2026-06-03 09:25:30","0"
"2026-06-03 09:26:34","28772","2026-06-03 09:15:23","True","2.203","0.109","5454","551","78","2","43451237","101258","126149","183","C:\Users\ymt\AppData\Local\Temp\maxwell_LAPTOP-AJJKNQJR_28772.pjt","20","Setup1_env.dump","2026-06-03 09:15:26","9999","False","False","2026-06-03 09:26:31","0"
"2026-06-03 09:27:34","28772","2026-06-03 09:15:23","True","2.312","0.11","5804","350","80","2","43513976","62739","126332","183","C:\Users\ymt\AppData\Local\Temp\maxwell_LAPTOP-AJJKNQJR_28772.pjt","20","Setup1_env.dump","2026-06-03 09:15:26","9999","False","False","2026-06-03 09:27:32","0"
"2026-06-03 09:28:34","28772","2026-06-03 09:15:23","True","2.422","0.11","6054","250","81","1","43625201","111225","126507","175","C:\Users\ymt\AppData\Local\Temp\maxwell_LAPTOP-AJJKNQJR_28772.pjt","20","Setup1_env.dump","2026-06-03 09:15:26","9999","False","False","2026-06-03 09:28:32","0"
"2026-06-03 09:29:34","28772","2026-06-03 09:15:23","True","2.516","0.094","6334","280","83","2","43651389","26188","126690","183","C:\Users\ymt\AppData\Local\Temp\maxwell_LAPTOP-AJJKNQJR_28772.pjt","20","Setup1_env.dump","2026-06-03 09:15:26","9999","False","False","2026-06-03 09:29:33","0"
"2026-06-03 09:30:34","28772","2026-06-03 09:15:23","True","2.625","0.109","6715","381","85","2","43685687","34298","126873","183","C:\Users\ymt\AppData\Local\Temp\maxwell_LAPTOP-AJJKNQJR_28772.pjt","20","Setup1_env.dump","2026-06-03 09:15:26","9999","False","False","2026-06-03 09:30:33","0"
"2026-06-03 09:31:34","28772","2026-06-03 09:15:23","True","2.672","0.047","7210","495","87","2","43740593","54906","127056","183","C:\Users\ymt\AppData\Local\Temp\maxwell_LAPTOP-AJJKNQJR_28772.pjt","20","Setup1_env.dump","2026-06-03 09:15:26","9999","False","False","2026-06-03 09:31:34","0"
"2026-06-03 09:32:34","28772","2026-06-03 09:15:23","True","2.719","0.047","7736","526","88","1","43801081","60488","127064","8","C:\Users\ymt\AppData\Local\Temp\maxwell_LAPTOP-AJJKNQJR_28772.pjt","20","Setup1_env.dump","2026-06-03 09:15:26","9999","False","False","2026-06-03 09:31:34","0"
"2026-06-03 09:33:34","28772","2026-06-03 09:15:23","True","2.844","0.125","8257","521","90","2","43862019","60938","127247","183","C:\Users\ymt\AppData\Local\Temp\maxwell_LAPTOP-AJJKNQJR_28772.pjt","20","Setup1_env.dump","2026-06-03 09:15:26","9999","False","False","2026-06-03 09:32:35","0"
"2026-06-03 09:34:34","28772","2026-06-03 09:15:23","True","2.938","0.094","8778","521","92","2","43924217","62198","127430","183","C:\Users\ymt\AppData\Local\Temp\maxwell_LAPTOP-AJJKNQJR_28772.pjt","20","Setup1_env.dump","2026-06-03 09:15:26","9999","False","False","2026-06-03 09:33:35","0"
"2026-06-03 09:35:34","28772","2026-06-03 09:15:23","True","3.047","0.109","9263","485","94","2","43982005","57788","127613","183","C:\Users\ymt\AppData\Local\Temp\maxwell_LAPTOP-AJJKNQJR_28772.pjt","20","Setup1_env.dump","2026-06-03 09:15:26","9999","False","False","2026-06-03 09:34:36","0"
"2026-06-03 09:36:34","28772","2026-06-03 09:15:23","True","3.141","0.094","9293","30","96","2","43994206","12201","127796","183","C:\Users\ymt\AppData\Local\Temp\maxwell_LAPTOP-AJJKNQJR_28772.pjt","20","Setup1_env.dump","2026-06-03 09:15:26","9999","False","False","2026-06-03 09:35:37","0"
"2026-06-03 09:37:35","28772","2026-06-03 09:15:23","True","3.172","0.031","9589","296","97","1","44076570","82364","127971","175","C:\Users\ymt\AppData\Local\Temp\maxwell_LAPTOP-AJJKNQJR_28772.pjt","20","Setup1_env.dump","2026-06-03 09:15:26","9999","False","False","2026-06-03 09:36:37","0"
"2026-06-03 09:38:35","28772","2026-06-03 09:15:23","True","3.266","0.094","9771","182","99","2","44093848","17278","128154","183","C:\Users\ymt\AppData\Local\Temp\maxwell_LAPTOP-AJJKNQJR_28772.pjt","20","Setup1_env.dump","2026-06-03 09:15:26","9999","False","False","2026-06-03 09:37:38","0"
"2026-06-03 09:39:35","28772","2026-06-03 09:15:23","True","3.312","0.046","9994","223","101","2","44113836","19988","128337","183","C:\Users\ymt\AppData\Local\Temp\maxwell_LAPTOP-AJJKNQJR_28772.pjt","20","Setup1_env.dump","2026-06-03 09:15:26","9999","False","False","2026-06-03 09:38:39","0"
"2026-06-03 09:40:35","28772","2026-06-03 09:15:23","True","3.359","0.047","10309","315","103","2","44142374","28538","128520","183","C:\Users\ymt\AppData\Local\Temp\maxwell_LAPTOP-AJJKNQJR_28772.pjt","20","Setup1_env.dump","2026-06-03 09:15:26","9999","False","False","2026-06-03 09:39:39","0"
"2026-06-03 09:41:35","28772","2026-06-03 09:15:23","True","3.547","0.188","10689","380","105","2","44177932","35558","128703","183","C:\Users\ymt\AppData\Local\Temp\maxwell_LAPTOP-AJJKNQJR_28772.pjt","20","Setup1_env.dump","2026-06-03 09:15:26","9999","False","False","2026-06-03 09:40:40","0"
"2026-06-03 09:42:35","28772","2026-06-03 09:15:23","True","3.688","0.14","11107","418","107","2","44217540","39608","128886","183","C:\Users\ymt\AppData\Local\Temp\maxwell_LAPTOP-AJJKNQJR_28772.pjt","20","Setup1_env.dump","2026-06-03 09:15:26","9999","False","False","2026-06-03 09:41:40","0"
"2026-06-03 09:43:35","28772","2026-06-03 09:15:23","True","3.797","0.109","11531","424","109","2","44258048","40508","129069","183","C:\Users\ymt\AppData\Local\Temp\maxwell_LAPTOP-AJJKNQJR_28772.pjt","20","Setup1_env.dump","2026-06-03 09:15:26","9999","False","False","2026-06-03 09:42:41","0"
"2026-06-03 09:44:35","28772","2026-06-03 09:15:23","True","3.875","0.078","11962","431","111","2","44299546","41498","129252","183","C:\Users\ymt\AppData\Local\Temp\maxwell_LAPTOP-AJJKNQJR_28772.pjt","20","Setup1_env.dump","2026-06-03 09:15:26","9999","False","False","2026-06-03 09:43:42","0"
"2026-06-03 09:45:35","28772","2026-06-03 09:15:23","True","3.938","0.062","12389","427","113","2","44340594","41048","129435","183","C:\Users\ymt\AppData\Local\Temp\maxwell_LAPTOP-AJJKNQJR_28772.pjt","20","Setup1_env.dump","2026-06-03 09:15:26","9999","False","False","2026-06-03 09:44:42","0"
"2026-06-03 09:46:35","28772","2026-06-03 09:15:23","True","4.062","0.124","12824","435","115","2","44382722","42128","129618","183","C:\Users\ymt\AppData\Local\Temp\maxwell_LAPTOP-AJJKNQJR_28772.pjt","20","Setup1_env.dump","2026-06-03 09:15:26","9999","False","False","2026-06-03 09:45:43","0"
"2026-06-03 09:47:35","28772","2026-06-03 09:15:23","True","4.109","0.047","13266","442","117","2","44425030","42308","129801","183","C:\Users\ymt\AppData\Local\Temp\maxwell_LAPTOP-AJJKNQJR_28772.pjt","20","Setup1_env.dump","2026-06-03 09:15:26","9999","False","False","2026-06-03 09:46:44","0"
"2026-06-03 09:48:36","28772","2026-06-03 09:15:23","True","4.266","0.157","13273","7","119","2","44425583","553","129984","183","C:\Users\ymt\AppData\Local\Temp\maxwell_LAPTOP-AJJKNQJR_28772.pjt","20","Setup1_env.dump","2026-06-03 09:15:26","9999","False","False","2026-06-03 09:47:44","0"
"2026-06-03 09:49:36","28772","2026-06-03 09:15:23","True","4.328","0.062","13434","161","120","1","44502038","76455","130159","175","C:\Users\ymt\AppData\Local\Temp\maxwell_LAPTOP-AJJKNQJR_28772.pjt","20","Setup1_env.dump","2026-06-03 09:15:26","9999","False","False","2026-06-03 09:48:45","0"
"2026-06-03 09:50:36","28772","2026-06-03 09:15:23","True","4.406","0.078","13641","207","122","2","44520586","18548","130342","183","C:\Users\ymt\AppData\Local\Temp\maxwell_LAPTOP-AJJKNQJR_28772.pjt","20","Setup1_env.dump","2026-06-03 09:15:26","9999","False","False","2026-06-03 09:49:45","0"
"2026-06-03 09:51:36","28772","2026-06-03 09:15:23","True","4.531","0.125","13766","125","124","2","44532465","11879","130525","183","C:\Users\ymt\AppData\Local\Temp\maxwell_LAPTOP-AJJKNQJR_28772.pjt","20","Setup1_env.dump","2026-06-03 09:15:26","9999","False","False","2026-06-03 09:50:46","0"
"2026-06-03 09:52:36","28772","2026-06-03 09:15:23","True","4.625","0.094","13913","147","126","2","44545613","13148","130708","183","C:\Users\ymt\AppData\Local\Temp\maxwell_LAPTOP-AJJKNQJR_28772.pjt","20","Setup1_env.dump","2026-06-03 09:15:26","9999","False","False","2026-06-03 09:51:47","0"
"2026-06-03 09:53:36","28772","2026-06-03 09:15:23","True","4.703","0.078","14097","184","128","2","44562181","16568","130891","183","C:\Users\ymt\AppData\Local\Temp\maxwell_LAPTOP-AJJKNQJR_28772.pjt","20","Setup1_env.dump","2026-06-03 09:15:26","9999","False","False","2026-06-03 09:52:47","0"
"2026-06-03 09:54:36","28772","2026-06-03 09:15:23","True","4.828","0.125","14331","234","130","2","44583339","21158","131074","183","C:\Users\ymt\AppData\Local\Temp\maxwell_LAPTOP-AJJKNQJR_28772.pjt","20","Setup1_env.dump","2026-06-03 09:15:26","9999","False","False","2026-06-03 09:53:48","0"
"2026-06-03 09:55:36","28772","2026-06-03 09:15:23","True","5.016","0.188","14601","270","132","2","44608007","24668","131257","183","C:\Users\ymt\AppData\Local\Temp\maxwell_LAPTOP-AJJKNQJR_28772.pjt","20","Setup1_env.dump","2026-06-03 09:15:26","9999","False","False","2026-06-03 09:54:48","0"
"2026-06-03 09:56:36","28772","2026-06-03 09:15:23","True","5.141","0.125","14900","299","134","2","44635375","27368","131440","183","C:\Users\ymt\AppData\Local\Temp\maxwell_LAPTOP-AJJKNQJR_28772.pjt","20","Setup1_env.dump","2026-06-03 09:15:26","9999","False","False","2026-06-03 09:55:49","0"
"2026-06-03 09:57:36","28772","2026-06-03 09:15:23","True","5.25","0.109","15220","320","136","2","44664903","29528","131623","183","C:\Users\ymt\AppData\Local\Temp\maxwell_LAPTOP-AJJKNQJR_28772.pjt","20","Setup1_env.dump","2026-06-03 09:15:26","9999","False","False","2026-06-03 09:56:50","0"
"2026-06-03 09:58:36","28772","2026-06-03 09:15:23","True","5.344","0.094","15530","310","138","2","44693711","28808","131806","183","C:\Users\ymt\AppData\Local\Temp\maxwell_LAPTOP-AJJKNQJR_28772.pjt","20","Setup1_env.dump","2026-06-03 09:15:26","9999","False","False","2026-06-03 09:57:50","0"
"2026-06-03 09:59:36","28772","2026-06-03 09:15:23","True","5.438","0.093","15862","332","140","2","44724319","30608","131989","183","C:\Users\ymt\AppData\Local\Temp\maxwell_LAPTOP-AJJKNQJR_28772.pjt","20","Setup1_env.dump","2026-06-03 09:15:26","9999","False","False","2026-06-03 09:58:51","0"
"2026-06-03 10:00:36","28772","2026-06-03 09:15:23","True","5.484","0.046","16195","333","142","2","44754837","30518","132172","183","C:\Users\ymt\AppData\Local\Temp\maxwell_LAPTOP-AJJKNQJR_28772.pjt","20","Setup1_env.dump","2026-06-03 09:15:26","9999","False","False","2026-06-03 09:59:51","0"
"2026-06-03 10:01:37","28772","2026-06-03 09:15:23","True","5.688","0.204","16508","313","144","2","44784275","29438","132355","183","C:\Users\ymt\AppData\Local\Temp\maxwell_LAPTOP-AJJKNQJR_28772.pjt","20","Setup1_env.dump","2026-06-03 09:15:26","9999","False","False","2026-06-03 10:00:52","0"
"2026-06-03 10:02:37","28772","2026-06-03 09:15:23","True","5.75","0.062","16843","335","146","2","44815153","30878","132538","183","C:\Users\ymt\AppData\Local\Temp\maxwell_LAPTOP-AJJKNQJR_28772.pjt","20","Setup1_env.dump","2026-06-03 09:15:26","9999","False","False","2026-06-03 10:01:53","0"
"2026-06-03 10:03:37","28772","2026-06-03 09:15:23","True","5.828","0.078","17178","335","148","2","44846031","30878","132721","183","C:\Users\ymt\AppData\Local\Temp\maxwell_LAPTOP-AJJKNQJR_28772.pjt","20","Setup1_env.dump","2026-06-03 09:15:26","9999","False","False","2026-06-03 10:02:53","0"
"2026-06-03 10:04:37","28772","2026-06-03 09:15:23","True","5.906","0.078","17454","276","150","2","44875377","29346","132904","183","C:\Users\ymt\AppData\Local\Temp\maxwell_LAPTOP-AJJKNQJR_28772.pjt","20","Setup1_env.dump","2026-06-03 09:15:26","9999","False","False","2026-06-03 10:03:54","0"
"2026-06-03 10:05:37","28772","2026-06-03 09:15:23","True","6.031","0.125","17460","6","152","2","44875840","463","133087","183","C:\Users\ymt\AppData\Local\Temp\maxwell_LAPTOP-AJJKNQJR_28772.pjt","20","Setup1_env.dump","2026-06-03 09:15:26","9999","False","False","2026-06-03 10:04:55","0"
"2026-06-03 10:06:37","28772","2026-06-03 09:15:23","True","6.109","0.078","17495","35","154","2","44886956","11116","133270","183","C:\Users\ymt\AppData\Local\Temp\maxwell_LAPTOP-AJJKNQJR_28772.pjt","20","Setup1_env.dump","2026-06-03 09:15:26","9999","False","False","2026-06-03 10:05:55","0"
"2026-06-03 10:07:37","28772","2026-06-03 09:15:23","True","6.297","0.188","17726","231","155","1","44953503","66547","133445","175","C:\Users\ymt\AppData\Local\Temp\maxwell_LAPTOP-AJJKNQJR_28772.pjt","20","Setup1_env.dump","2026-06-03 09:15:26","9999","False","False","2026-06-03 10:06:56","0"
"2026-06-03 10:08:37","28772","2026-06-03 09:15:23","True","6.375","0.078","17862","136","157","2","44965661","12158","133628","183","C:\Users\ymt\AppData\Local\Temp\maxwell_LAPTOP-AJJKNQJR_28772.pjt","20","Setup1_env.dump","2026-06-03 09:15:26","9999","False","False","2026-06-03 10:07:56","0"
"2026-06-03 10:09:37","28772","2026-06-03 09:15:23","True","6.516","0.141","17957","95","159","2","44974930","9269","133811","183","C:\Users\ymt\AppData\Local\Temp\maxwell_LAPTOP-AJJKNQJR_28772.pjt","20","Setup1_env.dump","2026-06-03 09:15:26","9999","False","False","2026-06-03 10:08:57","0"
"2026-06-03 10:10:37","28772","2026-06-03 09:15:23","True","6.562","0.046","18059","102","161","2","44984028","9098","133994","183","C:\Users\ymt\AppData\Local\Temp\maxwell_LAPTOP-AJJKNQJR_28772.pjt","20","Setup1_env.dump","2026-06-03 09:15:26","9999","False","False","2026-06-03 10:09:57","0"
"2026-06-03 10:11:37","28772","2026-06-03 09:15:23","True","6.609","0.047","18172","113","163","2","44994116","10088","134177","183","C:\Users\ymt\AppData\Local\Temp\maxwell_LAPTOP-AJJKNQJR_28772.pjt","20","Setup1_env.dump","2026-06-03 09:15:26","9999","False","False","2026-06-03 10:10:58","0"
"2026-06-03 10:12:37","28772","2026-06-03 09:15:23","True","6.781","0.172","18311","139","165","2","45006544","12428","134360","183","C:\Users\ymt\AppData\Local\Temp\maxwell_LAPTOP-AJJKNQJR_28772.pjt","20","Setup1_env.dump","2026-06-03 09:15:26","9999","False","False","2026-06-03 10:11:59","0"
"2026-06-03 10:13:38","28772","2026-06-03 09:15:23","True","6.844","0.063","18477","166","167","2","45021402","14858","134543","183","C:\Users\ymt\AppData\Local\Temp\maxwell_LAPTOP-AJJKNQJR_28772.pjt","20","Setup1_env.dump","2026-06-03 09:15:26","9999","False","False","2026-06-03 10:12:59","0"
"2026-06-03 10:14:38","28772","2026-06-03 09:15:23","True","6.906","0.062","18656","179","169","2","45037430","16028","134726","183","C:\Users\ymt\AppData\Local\Temp\maxwell_LAPTOP-AJJKNQJR_28772.pjt","20","Setup1_env.dump","2026-06-03 09:15:26","9999","False","False","2026-06-03 10:14:00","0"
"2026-06-03 10:15:38","28772","2026-06-03 09:15:23","True","7","0.094","18868","212","171","2","45056608","19178","134909","183","C:\Users\ymt\AppData\Local\Temp\maxwell_LAPTOP-AJJKNQJR_28772.pjt","20","Setup1_env.dump","2026-06-03 09:15:26","9999","False","False","2026-06-03 10:15:01","0"
"2026-06-03 10:16:38","28772","2026-06-03 09:15:23","True","7.156","0.156","19091","223","173","2","45076866","20258","135092","183","C:\Users\ymt\AppData\Local\Temp\maxwell_LAPTOP-AJJKNQJR_28772.pjt","20","Setup1_env.dump","2026-06-03 09:15:26","9999","False","False","2026-06-03 10:16:01","0"
"2026-06-03 10:17:38","28772","2026-06-03 09:15:23","True","7.219","0.063","19312","221","175","2","45097034","20168","135275","183","C:\Users\ymt\AppData\Local\Temp\maxwell_LAPTOP-AJJKNQJR_28772.pjt","20","Setup1_env.dump","2026-06-03 09:15:26","9999","False","False","2026-06-03 10:17:02","0"
"2026-06-03 10:18:38","28772","2026-06-03 09:15:23","True","7.391","0.172","19549","237","177","2","45118642","21608","135458","183","C:\Users\ymt\AppData\Local\Temp\maxwell_LAPTOP-AJJKNQJR_28772.pjt","20","Setup1_env.dump","2026-06-03 09:15:26","9999","False","False","2026-06-03 10:18:02","0"
"2026-06-03 10:19:38","28772","2026-06-03 09:15:23","True","7.453","0.062","19791","242","179","2","45140700","22058","135641","183","C:\Users\ymt\AppData\Local\Temp\maxwell_LAPTOP-AJJKNQJR_28772.pjt","20","Setup1_env.dump","2026-06-03 09:15:26","9999","False","False","2026-06-03 10:19:03","0"
"2026-06-03 10:20:38","28772","2026-06-03 09:15:23","True","7.562","0.109","20034","243","181","2","45162938","22238","135824","183","C:\Users\ymt\AppData\Local\Temp\maxwell_LAPTOP-AJJKNQJR_28772.pjt","20","Setup1_env.dump","2026-06-03 09:15:26","9999","False","False","2026-06-03 10:20:03","0"
"2026-06-03 10:21:38","28772","2026-06-03 09:15:23","True","7.688","0.125","20283","249","183","2","45185626","22688","136007","183","C:\Users\ymt\AppData\Local\Temp\maxwell_LAPTOP-AJJKNQJR_28772.pjt","20","Setup1_env.dump","2026-06-03 09:15:26","9999","False","False","2026-06-03 10:21:04","0"
"2026-06-03 10:22:38","28772","2026-06-03 09:15:23","True","7.859","0.171","20533","250","185","2","45208404","22778","136190","183","C:\Users\ymt\AppData\Local\Temp\maxwell_LAPTOP-AJJKNQJR_28772.pjt","20","Setup1_env.dump","2026-06-03 09:15:26","9999","False","False","2026-06-03 10:22:05","0"
"2026-06-03 10:23:38","28772","2026-06-03 09:15:23","True","7.922","0.063","20782","249","187","2","45235320","26916","136373","183","C:\Users\ymt\AppData\Local\Temp\maxwell_LAPTOP-AJJKNQJR_28772.pjt","20","Setup1_env.dump","2026-06-03 09:15:26","9999","False","False","2026-06-03 10:23:05","0"
"2026-06-03 10:24:39","28772","2026-06-03 09:15:23","True","8.062","0.141","21026","244","189","2","45257198","21878","136556","183","C:\Users\ymt\AppData\Local\Temp\maxwell_LAPTOP-AJJKNQJR_28772.pjt","20","Setup1_env.dump","2026-06-03 09:15:26","9999","False","False","2026-06-03 10:24:06","0"
"2026-06-03 10:25:39","28772","2026-06-03 09:15:23","True","8.172","0.11","21271","245","191","2","45279526","22328","136739","183","C:\Users\ymt\AppData\Local\Temp\maxwell_LAPTOP-AJJKNQJR_28772.pjt","20","Setup1_env.dump","2026-06-03 09:15:26","9999","False","False","2026-06-03 10:25:07","0"
"2026-06-03 10:26:39","28772","2026-06-03 09:15:23","True","8.25","0.078","21514","243","193","2","45301764","22238","136922","183","C:\Users\ymt\AppData\Local\Temp\maxwell_LAPTOP-AJJKNQJR_28772.pjt","20","Setup1_env.dump","2026-06-03 09:15:26","9999","False","False","2026-06-03 10:26:07","0"
"2026-06-03 10:27:39","28772","2026-06-03 09:15:23","True","8.266","0.016","21760","246","195","2","45324182","22418","137105","183","C:\Users\ymt\AppData\Local\Temp\maxwell_LAPTOP-AJJKNQJR_28772.pjt","20","Setup1_env.dump","2026-06-03 09:15:26","9999","False","False","2026-06-03 10:27:08","0"
"2026-06-03 10:28:39","28772","2026-06-03 09:15:23","True","8.328","0.062","21794","34","197","2","45327162","2980","137288","183","C:\Users\ymt\AppData\Local\Temp\maxwell_LAPTOP-AJJKNQJR_28772.pjt","20","Setup1_env.dump","2026-06-03 09:15:26","9999","False","False","2026-06-03 10:28:08","0"
"2026-06-03 10:29:39","28772","2026-06-03 09:15:23","True","8.406","0.078","21799","5","199","2","45327533","371","137471","183","C:\Users\ymt\AppData\Local\Temp\maxwell_LAPTOP-AJJKNQJR_28772.pjt","20","Setup1_env.dump","2026-06-03 09:15:26","9999","False","False","2026-06-03 10:29:09","0"
"2026-06-03 10:30:39","28772","2026-06-03 09:15:23","True","8.422","0.016","21981","182","200","1","45393448","65915","137646","175","C:\Users\ymt\AppData\Local\Temp\maxwell_LAPTOP-AJJKNQJR_28772.pjt","20","Setup1_env.dump","2026-06-03 09:15:26","9999","False","False","2026-06-03 10:30:09","0"
"2026-06-03 10:31:39","28772","2026-06-03 09:15:23","True","8.484","0.062","22095","114","202","2","45404256","10808","137829","183","C:\Users\ymt\AppData\Local\Temp\maxwell_LAPTOP-AJJKNQJR_28772.pjt","20","Setup1_env.dump","2026-06-03 09:15:26","9999","False","False","2026-06-03 10:31:10","0"
"2026-06-03 10:32:39","28772","2026-06-03 09:15:23","True","8.5","0.016","22203","108","204","2","45413894","9638","138012","183","C:\Users\ymt\AppData\Local\Temp\maxwell_LAPTOP-AJJKNQJR_28772.pjt","20","Setup1_env.dump","2026-06-03 09:15:26","9999","False","False","2026-06-03 10:32:11","0"
"2026-06-03 10:33:39","28772","2026-06-03 09:15:23","True","8.562","0.062","22292","89","206","2","45422443","8549","138195","183","C:\Users\ymt\AppData\Local\Temp\maxwell_LAPTOP-AJJKNQJR_28772.pjt","20","Setup1_env.dump","2026-06-03 09:15:26","9999","False","False","2026-06-03 10:33:11","0"
"2026-06-03 10:34:39","28772","2026-06-03 09:15:23","True","8.625","0.063","22368","76","208","2","45429201","6758","138378","183","C:\Users\ymt\AppData\Local\Temp\maxwell_LAPTOP-AJJKNQJR_28772.pjt","20","Setup1_env.dump","2026-06-03 09:15:26","9999","False","False","2026-06-03 10:34:12","0"
"2026-06-03 10:35:39","28772","2026-06-03 09:15:23","True","8.719","0.094","22453","85","210","2","45436769","7568","138561","183","C:\Users\ymt\AppData\Local\Temp\maxwell_LAPTOP-AJJKNQJR_28772.pjt","20","Setup1_env.dump","2026-06-03 09:15:26","9999","False","False","2026-06-03 10:35:12","0"
"2026-06-03 10:36:40","28772","2026-06-03 09:15:23","True","8.797","0.078","22546","93","212","2","45445057","8288","138744","183","C:\Users\ymt\AppData\Local\Temp\maxwell_LAPTOP-AJJKNQJR_28772.pjt","20","Setup1_env.dump","2026-06-03 09:15:26","9999","False","False","2026-06-03 10:36:13","0"
"2026-06-03 10:37:40","28772","2026-06-03 09:15:23","True","8.922","0.125","22660","114","214","2","45455235","10178","138927","183","C:\Users\ymt\AppData\Local\Temp\maxwell_LAPTOP-AJJKNQJR_28772.pjt","20","Setup1_env.dump","2026-06-03 09:15:26","9999","False","False","2026-06-03 10:37:13","0"
"2026-06-03 10:38:40","28772","2026-06-03 09:15:23","True","8.969","0.047","22784","124","216","2","45466313","11078","139110","183","C:\Users\ymt\AppData\Local\Temp\maxwell_LAPTOP-AJJKNQJR_28772.pjt","20","Setup1_env.dump","2026-06-03 09:15:26","9999","False","False","2026-06-03 10:38:14","0"
"2026-06-03 10:39:40","28772","2026-06-03 09:15:23","True","9.016","0.047","22932","148","218","2","45479551","13238","139293","183","C:\Users\ymt\AppData\Local\Temp\maxwell_LAPTOP-AJJKNQJR_28772.pjt","20","Setup1_env.dump","2026-06-03 09:15:26","9999","False","False","2026-06-03 10:39:15","0"
"2026-06-03 10:40:40","28772","2026-06-03 09:15:23","True","9.109","0.093","23098","166","220","2","45494589","15038","139476","183","C:\Users\ymt\AppData\Local\Temp\maxwell_LAPTOP-AJJKNQJR_28772.pjt","20","Setup1_env.dump","2026-06-03 09:15:26","9999","False","False","2026-06-03 10:40:15","0"
"2026-06-03 10:41:40","28772","2026-06-03 09:15:23","True","9.188","0.079","23280","182","222","2","45510887","16298","139659","183","C:\Users\ymt\AppData\Local\Temp\maxwell_LAPTOP-AJJKNQJR_28772.pjt","20","Setup1_env.dump","2026-06-03 09:15:26","9999","False","False","2026-06-03 10:41:16","0"
"2026-06-03 10:42:40","28772","2026-06-03 09:15:23","True","9.266","0.078","23474","194","224","2","45528535","17648","139842","183","C:\Users\ymt\AppData\Local\Temp\maxwell_LAPTOP-AJJKNQJR_28772.pjt","20","Setup1_env.dump","2026-06-03 09:15:26","9999","False","False","2026-06-03 10:42:16","0"
"2026-06-03 10:43:40","28772","2026-06-03 09:15:23","True","9.297","0.031","23672","198","226","2","45546543","18008","140025","183","C:\Users\ymt\AppData\Local\Temp\maxwell_LAPTOP-AJJKNQJR_28772.pjt","20","Setup1_env.dump","2026-06-03 09:15:26","9999","False","False","2026-06-03 10:43:17","0"
"2026-06-03 10:44:40","28772","2026-06-03 09:15:23","True","9.375","0.078","23873","201","228","2","45565001","18458","140208","183","C:\Users\ymt\AppData\Local\Temp\maxwell_LAPTOP-AJJKNQJR_28772.pjt","20","Setup1_env.dump","2026-06-03 09:15:26","9999","False","False","2026-06-03 10:44:17","0"
"2026-06-03 10:45:40","28772","2026-06-03 09:15:23","True","9.422","0.047","24072","199","230","2","45586967","21966","140391","183","C:\Users\ymt\AppData\Local\Temp\maxwell_LAPTOP-AJJKNQJR_28772.pjt","20","Setup1_env.dump","2026-06-03 09:15:26","9999","False","False","2026-06-03 10:45:18","0"
"2026-06-03 10:46:40","28772","2026-06-03 09:15:23","True","9.484","0.062","24262","190","232","2","45604345","17378","140574","183","C:\Users\ymt\AppData\Local\Temp\maxwell_LAPTOP-AJJKNQJR_28772.pjt","20","Setup1_env.dump","2026-06-03 09:15:26","9999","False","False","2026-06-03 10:46:19","0"
"2026-06-03 10:47:40","28772","2026-06-03 09:15:23","True","9.641","0.157","24457","195","234","2","45622083","17738","140757","183","C:\Users\ymt\AppData\Local\Temp\maxwell_LAPTOP-AJJKNQJR_28772.pjt","20","Setup1_env.dump","2026-06-03 09:15:26","9999","False","False","2026-06-03 10:47:19","0"
"2026-06-03 10:48:41","28772","2026-06-03 09:15:23","True","9.719","0.078","24653","196","236","2","45639911","17828","140940","183","C:\Users\ymt\AppData\Local\Temp\maxwell_LAPTOP-AJJKNQJR_28772.pjt","20","Setup1_env.dump","2026-06-03 09:15:26","9999","False","False","2026-06-03 10:48:20","0"
"2026-06-03 10:49:41","28772","2026-06-03 09:15:23","True","9.938","0.219","24864","211","238","2","45658909","18998","141123","183","C:\Users\ymt\AppData\Local\Temp\maxwell_LAPTOP-AJJKNQJR_28772.pjt","20","Setup1_env.dump","2026-06-03 09:15:26","9999","False","False","2026-06-03 10:49:20","0"
"2026-06-03 10:50:41","28772","2026-06-03 09:15:23","True","10.094","0.156","25057","193","240","2","45676557","17648","141306","183","C:\Users\ymt\AppData\Local\Temp\maxwell_LAPTOP-AJJKNQJR_28772.pjt","20","Setup1_env.dump","2026-06-03 09:15:26","9999","False","False","2026-06-03 10:50:21","0"
"2026-06-03 10:51:41","28772","2026-06-03 09:15:23","True","10.156","0.062","25254","197","242","2","45694475","17918","141489","183","C:\Users\ymt\AppData\Local\Temp\maxwell_LAPTOP-AJJKNQJR_28772.pjt","20","Setup1_env.dump","2026-06-03 09:15:26","9999","False","False","2026-06-03 10:51:21","0"
"2026-06-03 10:52:41","28772","2026-06-03 09:15:23","True","10.297","0.141","25447","193","244","2","45712123","17648","141672","183","C:\Users\ymt\AppData\Local\Temp\maxwell_LAPTOP-AJJKNQJR_28772.pjt","20","Setup1_env.dump","2026-06-03 09:15:26","9999","False","False","2026-06-03 10:52:22","0"
"2026-06-03 10:53:41","28772","2026-06-03 09:15:23","True","10.375","0.078","25656","209","246","2","45731211","19088","141855","183","C:\Users\ymt\AppData\Local\Temp\maxwell_LAPTOP-AJJKNQJR_28772.pjt","20","Setup1_env.dump","2026-06-03 09:15:26","9999","False","False","2026-06-03 10:53:23","0"
"2026-06-03 10:54:41","28772","2026-06-03 09:15:23","True","10.438","0.062","25857","201","248","2","45749309","18098","142038","183","C:\Users\ymt\AppData\Local\Temp\maxwell_LAPTOP-AJJKNQJR_28772.pjt","20","Setup1_env.dump","2026-06-03 09:15:26","9999","False","False","2026-06-03 10:54:23","0"
"2026-06-03 10:55:41","28772","2026-06-03 09:15:23","True","10.484","0.046","26050","193","250","2","45766867","17558","142221","183","C:\Users\ymt\AppData\Local\Temp\maxwell_LAPTOP-AJJKNQJR_28772.pjt","20","Setup1_env.dump","2026-06-03 09:15:26","9999","False","False","2026-06-03 10:55:24","0"
"2026-06-03 10:56:41","28772","2026-06-03 09:15:23","True","10.562","0.079","26147","97","252","2","45775515","8648","142404","183","C:\Users\ymt\AppData\Local\Temp\maxwell_LAPTOP-AJJKNQJR_28772.pjt","20","Setup1_env.dump","2026-06-03 09:15:26","9999","False","False","2026-06-03 10:56:24","0"
"2026-06-03 10:57:41","28772","2026-06-03 09:15:23","True","10.797","0.235","26152","5","254","2","45775887","372","142587","183","C:\Users\ymt\AppData\Local\Temp\maxwell_LAPTOP-AJJKNQJR_28772.pjt","20","Setup1_env.dump","2026-06-03 09:15:26","9999","False","False","2026-06-03 10:57:25","0"
"2026-06-03 10:58:41","28772","2026-06-03 09:15:23","True","10.891","0.094","26157","5","256","2","45776256","369","142770","183","C:\Users\ymt\AppData\Local\Temp\maxwell_LAPTOP-AJJKNQJR_28772.pjt","20","Setup1_env.dump","2026-06-03 09:15:26","9999","False","False","2026-06-03 10:58:25","0"
"2026-06-03 10:59:41","28772","2026-06-03 09:15:23","True","10.891","0","26380","223","257","1","45843275","67019","142945","175","C:\Users\ymt\AppData\Local\Temp\maxwell_LAPTOP-AJJKNQJR_28772.pjt","20","Setup1_env.dump","2026-06-03 09:15:26","9999","False","False","2026-06-03 10:59:26","0"
"2026-06-03 11:00:42","28772","2026-06-03 09:15:23","True","10.938","0.046","26469","89","259","2","45851203","7928","143128","183","C:\Users\ymt\AppData\Local\Temp\maxwell_LAPTOP-AJJKNQJR_28772.pjt","20","Setup1_env.dump","2026-06-03 09:15:26","9999","False","False","2026-06-03 11:00:27","0"
"2026-06-03 11:01:42","28772","2026-06-03 09:15:23","True","10.984","0.046","26561","92","261","2","45859401","8198","143311","183","C:\Users\ymt\AppData\Local\Temp\maxwell_LAPTOP-AJJKNQJR_28772.pjt","20","Setup1_env.dump","2026-06-03 09:15:26","9999","False","False","2026-06-03 11:01:27","0"
"2026-06-03 11:02:42","28772","2026-06-03 09:15:23","True","11.078","0.094","26652","91","263","2","45867771","8370","143494","183","C:\Users\ymt\AppData\Local\Temp\maxwell_LAPTOP-AJJKNQJR_28772.pjt","20","Setup1_env.dump","2026-06-03 09:15:26","9999","False","False","2026-06-03 11:02:28","0"
"2026-06-03 11:03:42","28772","2026-06-03 09:15:23","True","11.25","0.172","26710","58","265","2","45873358","5587","143677","183","C:\Users\ymt\AppData\Local\Temp\maxwell_LAPTOP-AJJKNQJR_28772.pjt","20","Setup1_env.dump","2026-06-03 09:15:26","9999","False","False","2026-06-03 11:03:29","0"
"2026-06-03 11:04:42","28772","2026-06-03 09:15:23","True","11.359","0.109","26780","70","267","2","45879576","6218","143860","183","C:\Users\ymt\AppData\Local\Temp\maxwell_LAPTOP-AJJKNQJR_28772.pjt","20","Setup1_env.dump","2026-06-03 09:15:26","9999","False","False","2026-06-03 11:04:29","0"
"2026-06-03 11:05:42","28772","2026-06-03 09:15:23","True","11.391","0.032","26854","74","269","2","45886154","6578","144043","183","C:\Users\ymt\AppData\Local\Temp\maxwell_LAPTOP-AJJKNQJR_28772.pjt","20","Setup1_env.dump","2026-06-03 09:15:26","9999","False","False","2026-06-03 11:05:30","0"
"2026-06-03 11:06:42","28772","2026-06-03 09:15:23","True","11.422","0.031","26936","82","271","2","45893452","7298","144226","183","C:\Users\ymt\AppData\Local\Temp\maxwell_LAPTOP-AJJKNQJR_28772.pjt","20","Setup1_env.dump","2026-06-03 09:15:26","9999","False","False","2026-06-03 11:06:30","0"
"2026-06-03 11:07:42","28772","2026-06-03 09:15:23","True","11.469","0.047","27032","96","273","2","45902010","8558","144409","183","C:\Users\ymt\AppData\Local\Temp\maxwell_LAPTOP-AJJKNQJR_28772.pjt","20","Setup1_env.dump","2026-06-03 09:15:26","9999","False","False","2026-06-03 11:07:31","0"
"2026-06-03 11:08:42","28772","2026-06-03 09:15:23","True","11.609","0.14","27138","106","275","2","45911468","9458","144592","183","C:\Users\ymt\AppData\Local\Temp\maxwell_LAPTOP-AJJKNQJR_28772.pjt","20","Setup1_env.dump","2026-06-03 09:15:26","9999","False","False","2026-06-03 11:08:31","0"
"2026-06-03 11:09:42","28772","2026-06-03 09:15:23","True","11.75","0.141","27264","126","277","2","45922726","11258","144775","183","C:\Users\ymt\AppData\Local\Temp\maxwell_LAPTOP-AJJKNQJR_28772.pjt","20","Setup1_env.dump","2026-06-03 09:15:26","9999","False","False","2026-06-03 11:09:32","0"
"2026-06-03 11:10:42","28772","2026-06-03 09:15:23","True","11.781","0.031","27410","146","279","2","45939832","17106","144958","183","C:\Users\ymt\AppData\Local\Temp\maxwell_LAPTOP-AJJKNQJR_28772.pjt","20","Setup1_env.dump","2026-06-03 09:15:26","9999","False","False","2026-06-03 11:10:32","0"
"2026-06-03 11:11:43","28772","2026-06-03 09:15:23","True","11.891","0.11","27554","144","281","2","45952800","12968","145141","183","C:\Users\ymt\AppData\Local\Temp\maxwell_LAPTOP-AJJKNQJR_28772.pjt","20","Setup1_env.dump","2026-06-03 09:15:26","9999","False","False","2026-06-03 11:11:33","0"
"2026-06-03 11:12:43","28772","2026-06-03 09:15:23","True","11.938","0.046","27713","159","283","2","45967028","14228","145324","183","C:\Users\ymt\AppData\Local\Temp\maxwell_LAPTOP-AJJKNQJR_28772.pjt","20","Setup1_env.dump","2026-06-03 09:15:26","9999","False","False","2026-06-03 11:12:34","0"
"2026-06-03 11:13:43","28772","2026-06-03 09:15:23","True","12.078","0.14","27871","158","285","2","45981346","14318","145507","183","C:\Users\ymt\AppData\Local\Temp\maxwell_LAPTOP-AJJKNQJR_28772.pjt","20","Setup1_env.dump","2026-06-03 09:15:26","9999","False","False","2026-06-03 11:13:34","0"
"2026-06-03 11:14:43","28772","2026-06-03 09:15:23","True","12.172","0.094","28027","156","287","2","45995484","14138","145690","183","C:\Users\ymt\AppData\Local\Temp\maxwell_LAPTOP-AJJKNQJR_28772.pjt","20","Setup1_env.dump","2026-06-03 09:15:26","9999","False","False","2026-06-03 11:14:35","0"
"2026-06-03 11:15:43","28772","2026-06-03 09:15:23","True","12.25","0.078","28204","177","289","2","46011332","15848","145873","183","C:\Users\ymt\AppData\Local\Temp\maxwell_LAPTOP-AJJKNQJR_28772.pjt","20","Setup1_env.dump","2026-06-03 09:15:26","9999","False","False","2026-06-03 11:15:35","0"
"2026-06-03 11:16:43","28772","2026-06-03 09:15:23","True","12.375","0.125","28370","166","291","2","46026370","15038","146056","183","C:\Users\ymt\AppData\Local\Temp\maxwell_LAPTOP-AJJKNQJR_28772.pjt","20","Setup1_env.dump","2026-06-03 09:15:26","9999","False","False","2026-06-03 11:16:36","0"
"2026-06-03 11:17:43","28772","2026-06-03 09:15:23","True","12.422","0.047","28534","164","293","2","46041318","14948","146239","183","C:\Users\ymt\AppData\Local\Temp\maxwell_LAPTOP-AJJKNQJR_28772.pjt","20","Setup1_env.dump","2026-06-03 09:15:26","9999","False","False","2026-06-03 11:17:37","0"
"2026-06-03 11:18:43","28772","2026-06-03 09:15:23","True","12.516","0.094","28717","183","295","2","46057706","16388","146422","183","C:\Users\ymt\AppData\Local\Temp\maxwell_LAPTOP-AJJKNQJR_28772.pjt","20","Setup1_env.dump","2026-06-03 09:15:26","9999","False","False","2026-06-03 11:18:37","0"
"2026-06-03 11:19:43","28772","2026-06-03 09:15:23","True","12.609","0.093","28883","166","297","2","46072834","15128","146605","183","C:\Users\ymt\AppData\Local\Temp\maxwell_LAPTOP-AJJKNQJR_28772.pjt","20","Setup1_env.dump","2026-06-03 09:15:26","9999","False","False","2026-06-03 11:19:38","0"
"2026-06-03 11:20:43","28772","2026-06-03 09:15:23","True","12.672","0.063","29048","165","299","2","46087872","15038","146788","183","C:\Users\ymt\AppData\Local\Temp\maxwell_LAPTOP-AJJKNQJR_28772.pjt","20","Setup1_env.dump","2026-06-03 09:15:26","9999","False","False","2026-06-03 11:20:38","0"
"2026-06-03 11:21:43","28772","2026-06-03 09:15:23","True","12.781","0.109","29235","187","301","2","46104620","16748","146971","183","C:\Users\ymt\AppData\Local\Temp\maxwell_LAPTOP-AJJKNQJR_28772.pjt","20","Setup1_env.dump","2026-06-03 09:15:26","9999","False","False","2026-06-03 11:21:39","0"
"2026-06-03 11:22:43","28772","2026-06-03 09:15:23","True","12.938","0.156","29403","168","303","2","46119928","15308","147154","183","C:\Users\ymt\AppData\Local\Temp\maxwell_LAPTOP-AJJKNQJR_28772.pjt","20","Setup1_env.dump","2026-06-03 09:15:26","9999","False","False","2026-06-03 11:22:39","0"
"2026-06-03 11:23:43","28772","2026-06-03 09:15:23","True","13","0.062","29568","165","305","2","46134966","15038","147337","183","C:\Users\ymt\AppData\Local\Temp\maxwell_LAPTOP-AJJKNQJR_28772.pjt","20","Setup1_env.dump","2026-06-03 09:15:26","9999","False","False","2026-06-03 11:23:40","0"
"2026-06-03 11:24:44","28772","2026-06-03 09:15:23","True","13.047","0.047","29757","189","307","2","46151894","16928","147520","183","C:\Users\ymt\AppData\Local\Temp\maxwell_LAPTOP-AJJKNQJR_28772.pjt","20","Setup1_env.dump","2026-06-03 09:15:26","9999","False","False","2026-06-03 11:24:40","0"
"2026-06-03 11:25:44","28772","2026-06-03 09:15:23","True","13.094","0.047","29922","165","309","2","46166932","15038","147703","183","C:\Users\ymt\AppData\Local\Temp\maxwell_LAPTOP-AJJKNQJR_28772.pjt","20","Setup1_env.dump","2026-06-03 09:15:26","9999","False","False","2026-06-03 11:25:41","0"
"2026-06-03 11:26:44","28772","2026-06-03 09:15:23","True","13.188","0.094","30093","171","311","2","46182510","15578","147886","183","C:\Users\ymt\AppData\Local\Temp\maxwell_LAPTOP-AJJKNQJR_28772.pjt","20","Setup1_env.dump","2026-06-03 09:15:26","9999","False","False","2026-06-03 11:26:42","0"
"2026-06-03 11:27:44","28772","2026-06-03 09:15:23","True","13.266","0.078","30288","195","313","2","46200248","17738","148069","183","C:\Users\ymt\AppData\Local\Temp\maxwell_LAPTOP-AJJKNQJR_28772.pjt","20","Setup1_env.dump","2026-06-03 09:15:26","9999","False","False","2026-06-03 11:27:42","0"
"2026-06-03 11:28:44","28772","2026-06-03 09:15:23","True","13.266","0","30456","168","315","2","46215286","15038","148252","183","C:\Users\ymt\AppData\Local\Temp\maxwell_LAPTOP-AJJKNQJR_28772.pjt","20","Setup1_env.dump","2026-06-03 09:15:26","9999","False","False","2026-06-03 11:28:43","0"
"2026-06-03 11:29:44","28772","2026-06-03 09:15:23","True","13.438","0.172","30534","78","317","2","46222224","6938","148435","183","C:\Users\ymt\AppData\Local\Temp\maxwell_LAPTOP-AJJKNQJR_28772.pjt","20","Setup1_env.dump","2026-06-03 09:15:26","9999","False","False","2026-06-03 11:29:43","0"
"2026-06-03 11:30:44","28772","2026-06-03 09:15:23","True","13.75","0.312","30537","3","319","2","46222414","190","148618","183","C:\Users\ymt\AppData\Local\Temp\maxwell_LAPTOP-AJJKNQJR_28772.pjt","20","Setup1_env.dump","2026-06-03 09:15:26","9999","False","False","2026-06-03 11:30:44","0"
"2026-06-03 11:31:44","28772","2026-06-03 09:15:23","True","13.891","0.141","30539","2","320","1","46222513","99","148626","8","C:\Users\ymt\AppData\Local\Temp\maxwell_LAPTOP-AJJKNQJR_28772.pjt","20","Setup1_env.dump","2026-06-03 09:15:26","9999","False","False","2026-06-03 11:30:44","0"
"2026-06-03 11:32:44","28772","2026-06-03 09:15:23","True","14.016","0.125","30543","4","322","2","46222793","280","148809","183","C:\Users\ymt\AppData\Local\Temp\maxwell_LAPTOP-AJJKNQJR_28772.pjt","20","Setup1_env.dump","2026-06-03 09:15:26","9999","False","False","2026-06-03 11:31:45","0"
"2026-06-03 11:33:44","","","","","","","","","","","","","","","","","","","","","",""
"2026-06-03 11:34:44","","","","","","","","","","","","","","","","","","","","","",""
"2026-06-03 11:35:44","8912","2026-06-03 11:35:07","True","0.656","","456","","59","","42420785","","124146","","C:\Users\ymt\AppData\Local\Temp\maxwell_LAPTOP-AJJKNQJR_8912.pjt","20","Setup1_env.dump","2026-06-03 11:35:09","9999","False","False","2026-06-03 11:35:09","0"
"2026-06-03 11:36:45","8912","2026-06-03 11:35:07","True","0.703","0.047","1007","551","60","1","42595344","174559","124321","175","C:\Users\ymt\AppData\Local\Temp\maxwell_LAPTOP-AJJKNQJR_8912.pjt","20","Setup1_env.dump","2026-06-03 11:35:09","9999","False","False","2026-06-03 11:36:09","0"
"2026-06-03 11:37:45","8912","2026-06-03 11:35:07","True","0.938","0.235","1380","373","62","2","42794094","198750","124504","183","C:\Users\ymt\AppData\Local\Temp\maxwell_LAPTOP-AJJKNQJR_8912.pjt","20","Setup1_env.dump","2026-06-03 11:35:09","9999","False","False","2026-06-03 11:37:10","0"
"2026-06-03 11:38:45","8912","2026-06-03 11:35:07","True","1.156","0.218","1897","517","63","1","42892446","98352","124679","175","C:\Users\ymt\AppData\Local\Temp\maxwell_LAPTOP-AJJKNQJR_8912.pjt","20","Setup1_env.dump","2026-06-03 11:35:09","9999","False","False","2026-06-03 11:38:10","0"
"2026-06-03 11:39:45","8912","2026-06-03 11:35:07","True","1.266","0.11","2445","548","65","2","43069662","177216","124862","183","C:\Users\ymt\AppData\Local\Temp\maxwell_LAPTOP-AJJKNQJR_8912.pjt","20","Setup1_env.dump","2026-06-03 11:35:09","9999","False","False","2026-06-03 11:39:10","0"
"2026-06-03 11:40:45","8912","2026-06-03 11:35:07","True","1.312","0.046","2762","317","67","2","43190521","120859","125045","183","C:\Users\ymt\AppData\Local\Temp\maxwell_LAPTOP-AJJKNQJR_8912.pjt","20","Setup1_env.dump","2026-06-03 11:35:09","9999","False","False","2026-06-03 11:40:11","0"
"2026-06-03 11:41:45","8912","2026-06-03 11:35:07","True","1.391","0.079","3244","482","68","1","43243875","53354","125220","175","C:\Users\ymt\AppData\Local\Temp\maxwell_LAPTOP-AJJKNQJR_8912.pjt","20","Setup1_env.dump","2026-06-03 11:35:09","9999","False","False","2026-06-03 11:41:11","0"
"2026-06-03 11:42:45","8912","2026-06-03 11:35:07","True","1.547","0.156","3791","547","70","2","43349272","105397","125403","183","C:\Users\ymt\AppData\Local\Temp\maxwell_LAPTOP-AJJKNQJR_8912.pjt","20","Setup1_env.dump","2026-06-03 11:35:09","9999","False","False","2026-06-03 11:42:12","0"
"2026-06-03 11:43:45","8912","2026-06-03 11:35:07","True","1.719","0.172","4339","548","72","2","43464480","115208","125586","183","C:\Users\ymt\AppData\Local\Temp\maxwell_LAPTOP-AJJKNQJR_8912.pjt","20","Setup1_env.dump","2026-06-03 11:35:09","9999","False","False","2026-06-03 11:43:12","0"
"2026-06-03 11:44:45","8912","2026-06-03 11:35:07","True","1.859","0.14","4644","305","74","2","43526499","62019","125769","183","C:\Users\ymt\AppData\Local\Temp\maxwell_LAPTOP-AJJKNQJR_8912.pjt","20","Setup1_env.dump","2026-06-03 11:35:09","9999","False","False","2026-06-03 11:44:13","0"
"2026-06-03 11:45:45","8912","2026-06-03 11:35:07","True","1.938","0.079","4969","325","75","1","43645374","118875","125944","175","C:\Users\ymt\AppData\Local\Temp\maxwell_LAPTOP-AJJKNQJR_8912.pjt","20","Setup1_env.dump","2026-06-03 11:35:09","9999","False","False","2026-06-03 11:45:13","0"
"2026-06-03 11:46:45","8912","2026-06-03 11:35:07","True","2.047","0.109","5267","298","77","2","43673092","27718","126127","183","C:\Users\ymt\AppData\Local\Temp\maxwell_LAPTOP-AJJKNQJR_8912.pjt","20","Setup1_env.dump","2026-06-03 11:35:09","9999","False","False","2026-06-03 11:46:14","0"
"2026-06-03 11:47:45","8912","2026-06-03 11:35:07","True","2.25","0.203","5723","456","79","2","43721608","48516","126310","183","C:\Users\ymt\AppData\Local\Temp\maxwell_LAPTOP-AJJKNQJR_8912.pjt","20","Setup1_env.dump","2026-06-03 11:35:09","9999","False","False","2026-06-03 11:47:14","0"
"2026-06-03 11:48:46","8912","2026-06-03 11:35:07","True","2.438","0.188","6240","517","81","2","43782816","61208","126493","183","C:\Users\ymt\AppData\Local\Temp\maxwell_LAPTOP-AJJKNQJR_8912.pjt","20","Setup1_env.dump","2026-06-03 11:35:09","9999","False","False","2026-06-03 11:48:14","0"
"2026-06-03 11:49:46","8912","2026-06-03 11:35:07","True","2.5","0.062","6764","524","83","2","43848974","66158","126676","183","C:\Users\ymt\AppData\Local\Temp\maxwell_LAPTOP-AJJKNQJR_8912.pjt","20","Setup1_env.dump","2026-06-03 11:35:09","9999","False","False","2026-06-03 11:49:15","0"
"2026-06-03 11:50:46","8912","2026-06-03 11:35:07","True","2.594","0.094","7296","532","85","2","43915852","66878","126859","183","C:\Users\ymt\AppData\Local\Temp\maxwell_LAPTOP-AJJKNQJR_8912.pjt","20","Setup1_env.dump","2026-06-03 11:35:09","9999","False","False","2026-06-03 11:50:15","0"
"2026-06-03 11:51:46","8912","2026-06-03 11:35:07","True","2.766","0.172","7824","528","87","2","43983450","67598","127042","183","C:\Users\ymt\AppData\Local\Temp\maxwell_LAPTOP-AJJKNQJR_8912.pjt","20","Setup1_env.dump","2026-06-03 11:35:09","9999","False","False","2026-06-03 11:51:16","0"
"2026-06-03 11:52:46","8912","2026-06-03 11:35:07","True","2.859","0.093","7916","92","89","2","43995165","11715","127225","183","C:\Users\ymt\AppData\Local\Temp\maxwell_LAPTOP-AJJKNQJR_8912.pjt","20","Setup1_env.dump","2026-06-03 11:35:09","9999","False","False","2026-06-03 11:52:16","0"
"2026-06-03 11:53:46","8912","2026-06-03 11:35:07","True","3.047","0.188","8175","259","90","1","44083505","88340","127400","175","C:\Users\ymt\AppData\Local\Temp\maxwell_LAPTOP-AJJKNQJR_8912.pjt","20","Setup1_env.dump","2026-06-03 11:35:09","9999","False","False","2026-06-03 11:53:17","0"
"2026-06-03 11:54:46","8912","2026-06-03 11:35:07","True","3.375","0.328","8374","199","92","2","44102223","18718","127583","183","C:\Users\ymt\AppData\Local\Temp\maxwell_LAPTOP-AJJKNQJR_8912.pjt","20","Setup1_env.dump","2026-06-03 11:35:09","9999","False","False","2026-06-03 11:54:17","0"
"2026-06-03 11:55:46","8912","2026-06-03 11:35:07","True","3.484","0.109","8580","206","94","2","44120681","18458","127766","183","C:\Users\ymt\AppData\Local\Temp\maxwell_LAPTOP-AJJKNQJR_8912.pjt","20","Setup1_env.dump","2026-06-03 11:35:09","9999","False","False","2026-06-03 11:55:17","0"
"2026-06-03 11:56:46","8912","2026-06-03 11:35:07","True","3.672","0.188","8849","269","96","2","44145079","24398","127949","183","C:\Users\ymt\AppData\Local\Temp\maxwell_LAPTOP-AJJKNQJR_8912.pjt","20","Setup1_env.dump","2026-06-03 11:35:09","9999","False","False","2026-06-03 11:56:18","0"
"2026-06-03 11:57:46","8912","2026-06-03 11:35:07","True","3.875","0.203","9205","356","98","2","44177577","32498","128132","183","C:\Users\ymt\AppData\Local\Temp\maxwell_LAPTOP-AJJKNQJR_8912.pjt","20","Setup1_env.dump","2026-06-03 11:35:09","9999","False","False","2026-06-03 11:57:18","0"
"2026-06-03 11:58:46","8912","2026-06-03 11:35:07","True","4.016","0.141","9592","387","100","2","44214125","36548","128315","183","C:\Users\ymt\AppData\Local\Temp\maxwell_LAPTOP-AJJKNQJR_8912.pjt","20","Setup1_env.dump","2026-06-03 11:35:09","9999","False","False","2026-06-03 11:58:19","0"
"2026-06-03 11:59:46","8912","2026-06-03 11:35:07","True","4.141","0.125","10010","418","102","2","44253733","39608","128498","183","C:\Users\ymt\AppData\Local\Temp\maxwell_LAPTOP-AJJKNQJR_8912.pjt","20","Setup1_env.dump","2026-06-03 11:35:09","9999","False","False","2026-06-03 11:59:19","0"
"2026-06-03 12:00:47","8912","2026-06-03 11:35:07","True","4.344","0.203","10418","408","104","2","44292801","39068","128681","183","C:\Users\ymt\AppData\Local\Temp\maxwell_LAPTOP-AJJKNQJR_8912.pjt","20","Setup1_env.dump","2026-06-03 11:35:09","9999","False","False","2026-06-03 12:00:20","0"
"2026-06-03 12:01:47","8912","2026-06-03 11:35:07","True","4.484","0.14","10832","414","106","2","44332589","39788","128864","183","C:\Users\ymt\AppData\Local\Temp\maxwell_LAPTOP-AJJKNQJR_8912.pjt","20","Setup1_env.dump","2026-06-03 11:35:09","9999","False","False","2026-06-03 12:01:20","0"
"2026-06-03 12:02:47","8912","2026-06-03 11:35:07","True","4.594","0.11","11240","408","108","2","44372377","39788","129047","183","C:\Users\ymt\AppData\Local\Temp\maxwell_LAPTOP-AJJKNQJR_8912.pjt","20","Setup1_env.dump","2026-06-03 11:35:09","9999","False","False","2026-06-03 12:02:21","0"
"2026-06-03 12:03:47","8912","2026-06-03 11:35:07","True","4.719","0.125","11671","431","110","2","44413335","40958","129230","183","C:\Users\ymt\AppData\Local\Temp\maxwell_LAPTOP-AJJKNQJR_8912.pjt","20","Setup1_env.dump","2026-06-03 11:35:09","9999","False","False","2026-06-03 12:03:21","0"
"2026-06-03 12:04:47","8912","2026-06-03 11:35:07","True","4.891","0.172","11923","252","112","2","44437374","24039","129413","183","C:\Users\ymt\AppData\Local\Temp\maxwell_LAPTOP-AJJKNQJR_8912.pjt","20","Setup1_env.dump","2026-06-03 11:35:09","9999","False","False","2026-06-03 12:04:22","0"
"2026-06-03 12:05:47","8912","2026-06-03 11:35:07","True","5.016","0.125","11933","10","114","2","44438198","824","129596","183","C:\Users\ymt\AppData\Local\Temp\maxwell_LAPTOP-AJJKNQJR_8912.pjt","20","Setup1_env.dump","2026-06-03 11:35:09","9999","False","False","2026-06-03 12:05:22","0"
"2026-06-03 12:06:47","8912","2026-06-03 11:35:07","True","5.156","0.14","12157","224","115","1","44519691","81493","129771","175","C:\Users\ymt\AppData\Local\Temp\maxwell_LAPTOP-AJJKNQJR_8912.pjt","20","Setup1_env.dump","2026-06-03 11:35:09","9999","False","False","2026-06-03 12:06:22","0"
"2026-06-03 12:07:47","8912","2026-06-03 11:35:07","True","5.234","0.078","12330","173","117","2","44535179","15488","129954","183","C:\Users\ymt\AppData\Local\Temp\maxwell_LAPTOP-AJJKNQJR_8912.pjt","20","Setup1_env.dump","2026-06-03 11:35:09","9999","False","False","2026-06-03 12:07:23","0"
"2026-06-03 12:08:47","8912","2026-06-03 11:35:07","True","5.406","0.172","12397","67","119","2","44541748","6569","130137","183","C:\Users\ymt\AppData\Local\Temp\maxwell_LAPTOP-AJJKNQJR_8912.pjt","20","Setup1_env.dump","2026-06-03 11:35:09","9999","False","False","2026-06-03 12:08:23","0"
"2026-06-03 12:09:47","8912","2026-06-03 11:35:07","True","5.484","0.078","12485","88","121","2","44549586","7838","130320","183","C:\Users\ymt\AppData\Local\Temp\maxwell_LAPTOP-AJJKNQJR_8912.pjt","20","Setup1_env.dump","2026-06-03 11:35:09","9999","False","False","2026-06-03 12:09:24","0"
"2026-06-03 12:10:47","","","","","","","","","","","","","","","","","","","","","",""
"2026-06-03 12:11:47","","","","","","","","","","","","","","","","","","","","","",""
"2026-06-03 12:12:47","","","","","","","","","","","","","","","","","","","","","",""
"2026-06-03 12:13:48","","","","","","","","","","","","","","","","","","","","","",""
"2026-06-03 12:14:48","","","","","","","","","","","","","","","","","","","","","",""
"2026-06-03 12:15:48","","","","","","","","","","","","","","","","","","","","","",""
"2026-06-03 12:16:48","","","","","","","","","","","","","","","","","","","","","",""
"2026-06-03 12:17:48","","","","","","","","","","","","","","","","","","","","","",""
"2026-06-03 12:18:48","","","","","","","","","","","","","","","","","","","","","",""
"2026-06-03 12:19:48","","","","","","","","","","","","","","","","","","","","","",""
"2026-06-03 12:20:48","","","","","","","","","","","","","","","","","","","","","",""
"2026-06-03 12:21:48","","","","","","","","","","","","","","","","","","","","","",""
"2026-06-03 12:22:48","","","","","","","","","","","","","","","","","","","","","",""
"2026-06-03 12:23:48","","","","","","","","","","","","","","","","","","","","","",""
"2026-06-03 12:24:48","","","","","","","","","","","","","","","","","","","","","",""
"2026-06-03 12:25:48","","","","","","","","","","","","","","","","","","","","","",""
"2026-06-03 12:26:48","","","","","","","","","","","","","","","","","","","","","",""
"2026-06-03 12:27:48","","","","","","","","","","","","","","","","","","","","","",""
"2026-06-03 12:28:48","","","","","","","","","","","","","","","","","","","","","",""
"2026-06-03 12:29:48","","","","","","","","","","","","","","","","","","","","","",""
"2026-06-03 12:30:48","","","","","","","","","","","","","","","","","","","","","",""
"2026-06-03 12:31:48","","","","","","","","","","","","","","","","","","","","","",""
"2026-06-03 12:32:48","","","","","","","","","","","","","","","","","","","","","",""
"2026-06-03 12:33:48","","","","","","","","","","","","","","","","","","","","","",""
"2026-06-03 12:34:48","","","","","","","","","","","","","","","","","","","","","",""
"2026-06-03 12:35:48","","","","","","","","","","","","","","","","","","","","","",""
"2026-06-03 12:36:48","","","","","","","","","","","","","","","","","","","","","",""
"2026-06-03 12:37:48","","","","","","","","","","","","","","","","","","","","","",""
"2026-06-03 12:38:48","","","","","","","","","","","","","","","","","","","","","",""
"2026-06-03 12:39:48","","","","","","","","","","","","","","","","","","","","","",""
"2026-06-03 12:40:48","","","","","","","","","","","","","","","","","","","","","",""
"2026-06-03 12:41:48","","","","","","","","","","","","","","","","","","","","","",""
"2026-06-03 12:42:48","","","","","","","","","","","","","","","","","","","","","",""
"2026-06-03 12:43:48","","","","","","","","","","","","","","","","","","","","","",""
"2026-06-03 12:44:48","","","","","","","","","","","","","","","","","","","","","",""
"2026-06-03 12:45:48","2448","2026-06-03 12:44:53","True","0.906","","603","","59","","42446970","","123909","","C:\Users\ymt\AppData\Local\Temp\maxwell_LAPTOP-AJJKNQJR_2448.pjt","20","Setup1_env.dump","2026-06-03 12:44:56","9999","False","False","2026-06-03 12:44:55","0"
"2026-06-03 12:46:48","2448","2026-06-03 12:44:53","True","1.125","0.219","1151","548","60","1","42586228","139258","124084","175","C:\Users\ymt\AppData\Local\Temp\maxwell_LAPTOP-AJJKNQJR_2448.pjt","20","Setup1_env.dump","2026-06-03 12:44:56","9999","False","False","2026-06-03 12:45:55","0"
"2026-06-03 12:47:49","2448","2026-06-03 12:44:53","True","1.328","0.203","1557","406","62","2","42700024","113796","124267","183","C:\Users\ymt\AppData\Local\Temp\maxwell_LAPTOP-AJJKNQJR_2448.pjt","20","Setup1_env.dump","2026-06-03 12:44:56","9999","False","False","2026-06-03 12:46:56","0"
"2026-06-03 12:48:49","2448","2026-06-03 12:44:53","True","1.484","0.156","1929","372","64","2","42828189","128165","124450","183","C:\Users\ymt\AppData\Local\Temp\maxwell_LAPTOP-AJJKNQJR_2448.pjt","20","Setup1_env.dump","2026-06-03 12:44:56","9999","False","False","2026-06-03 12:47:56","0"
"2026-06-03 12:49:49","2448","2026-06-03 12:44:53","True","1.719","0.235","2469","540","65","1","42904329","76140","124625","175","C:\Users\ymt\AppData\Local\Temp\maxwell_LAPTOP-AJJKNQJR_2448.pjt","20","Setup1_env.dump","2026-06-03 12:44:56","9999","False","False","2026-06-03 12:48:57","0"
"2026-06-03 12:50:49","2448","2026-06-03 12:44:53","True","1.891","0.172","3021","552","67","2","43017647","113318","124808","183","C:\Users\ymt\AppData\Local\Temp\maxwell_LAPTOP-AJJKNQJR_2448.pjt","20","Setup1_env.dump","2026-06-03 12:44:56","9999","False","False","2026-06-03 12:49:58","0"
"2026-06-03 12:51:49","2448","2026-06-03 12:44:53","True","1.969","0.078","3465","444","69","2","43118362","100715","124991","183","C:\Users\ymt\AppData\Local\Temp\maxwell_LAPTOP-AJJKNQJR_2448.pjt","20","Setup1_env.dump","2026-06-03 12:44:56","9999","False","False","2026-06-03 12:50:58","0"
"2026-06-03 12:52:49","2448","2026-06-03 12:44:53","True","2.078","0.109","3733","268","71","2","43205202","86840","125174","183","C:\Users\ymt\AppData\Local\Temp\maxwell_LAPTOP-AJJKNQJR_2448.pjt","20","Setup1_env.dump","2026-06-03 12:44:56","9999","False","False","2026-06-03 12:51:58","0"
"2026-06-03 12:53:49","2448","2026-06-03 12:44:53","True","2.141","0.063","4104","371","72","1","43240106","34904","125349","175","C:\Users\ymt\AppData\Local\Temp\maxwell_LAPTOP-AJJKNQJR_2448.pjt","20","Setup1_env.dump","2026-06-03 12:44:56","9999","False","False","2026-06-03 12:52:59","0"
"2026-06-03 12:54:49","2448","2026-06-03 12:44:53","True","2.266","0.125","4638","534","74","2","43307704","67598","125532","183","C:\Users\ymt\AppData\Local\Temp\maxwell_LAPTOP-AJJKNQJR_2448.pjt","20","Setup1_env.dump","2026-06-03 12:44:56","9999","False","False","2026-06-03 12:53:59","0"
"2026-06-03 12:55:50","2448","2026-06-03 12:44:53","True","2.375","0.109","5185","547","76","2","43394111","86407","125715","183","C:\Users\ymt\AppData\Local\Temp\maxwell_LAPTOP-AJJKNQJR_2448.pjt","20","Setup1_env.dump","2026-06-03 12:44:56","9999","False","False","2026-06-03 12:55:00","0"
"2026-06-03 12:56:50","2448","2026-06-03 12:44:53","True","2.453","0.078","5731","546","78","2","43481059","86948","125898","183","C:\Users\ymt\AppData\Local\Temp\maxwell_LAPTOP-AJJKNQJR_2448.pjt","20","Setup1_env.dump","2026-06-03 12:44:56","9999","False","False","2026-06-03 12:56:01","0"
"2026-06-03 12:57:50","2448","2026-06-03 12:44:53","True","2.594","0.141","6103","372","80","2","43539117","58058","126081","183","C:\Users\ymt\AppData\Local\Temp\maxwell_LAPTOP-AJJKNQJR_2448.pjt","20","Setup1_env.dump","2026-06-03 12:44:56","9999","False","False","2026-06-03 12:57:01","0"
"2026-06-03 12:58:50","2448","2026-06-03 12:44:53","True","2.734","0.14","6259","156","82","2","43637841","98724","126264","183","C:\Users\ymt\AppData\Local\Temp\maxwell_LAPTOP-AJJKNQJR_2448.pjt","20","Setup1_env.dump","2026-06-03 12:44:56","9999","False","False","2026-06-03 12:58:02","0"
"2026-06-03 12:59:50","2448","2026-06-03 12:44:53","True","2.859","0.125","6516","257","83","1","43661511","23670","126439","175","C:\Users\ymt\AppData\Local\Temp\maxwell_LAPTOP-AJJKNQJR_2448.pjt","20","Setup1_env.dump","2026-06-03 12:44:56","9999","False","False","2026-06-03 12:59:02","0"
"2026-06-03 13:00:50","2448","2026-06-03 12:44:53","True","3.078","0.219","6693","177","85","2","43678159","16648","126622","183","C:\Users\ymt\AppData\Local\Temp\maxwell_LAPTOP-AJJKNQJR_2448.pjt","20","Setup1_env.dump","2026-06-03 12:44:56","9999","False","False","2026-06-03 13:00:03","0"
"2026-06-03 13:01:50","2448","2026-06-03 12:44:53","True","3.266","0.188","7000","307","87","2","43705707","27548","126805","183","C:\Users\ymt\AppData\Local\Temp\maxwell_LAPTOP-AJJKNQJR_2448.pjt","20","Setup1_env.dump","2026-06-03 12:44:56","9999","False","False","2026-06-03 13:01:03","0"
"2026-06-03 13:02:50","2448","2026-06-03 12:44:53","True","3.297","0.031","7433","433","89","2","43751163","45456","126988","183","C:\Users\ymt\AppData\Local\Temp\maxwell_LAPTOP-AJJKNQJR_2448.pjt","20","Setup1_env.dump","2026-06-03 12:44:56","9999","False","False","2026-06-03 13:02:04","0"
"2026-06-03 13:03:50","2448","2026-06-03 12:44:53","True","3.344","0.047","7907","474","91","2","43799861","48698","127171","183","C:\Users\ymt\AppData\Local\Temp\maxwell_LAPTOP-AJJKNQJR_2448.pjt","20","Setup1_env.dump","2026-06-03 12:44:56","9999","False","False","2026-06-03 13:03:04","0"
"2026-06-03 13:04:51","2448","2026-06-03 12:44:53","True","3.453","0.109","8408","501","93","2","43854499","54638","127354","183","C:\Users\ymt\AppData\Local\Temp\maxwell_LAPTOP-AJJKNQJR_2448.pjt","20","Setup1_env.dump","2026-06-03 12:44:56","9999","False","False","2026-06-03 13:04:05","0"
"2026-06-03 13:05:51","","","","","","","","","","","","","","","","","","","","","",""
"2026-06-03 13:06:51","","","","","","","","","","","","","","","","","","","","","",""
"2026-06-03 13:07:51","","","","","","","","","","","","","","","","","","","","","",""
"2026-06-03 13:08:51","","","","","","","","","","","","","","","","","","","","","",""
"2026-06-03 13:09:51","","","","","","","","","","","","","","","","","","","","","",""
"2026-06-03 13:10:51","","","","","","","","","","","","","","","","","","","","","",""
"2026-06-03 13:11:51","","","","","","","","","","","","","","","","","","","","","",""
"2026-06-03 13:12:51","","","","","","","","","","","","","","","","","","","","","",""
"2026-06-03 13:13:51","","","","","","","","","","","","","","","","","","","","","",""
"2026-06-03 13:14:51","","","","","","","","","","","","","","","","","","","","","",""
"2026-06-03 13:15:51","29840","2026-06-03 13:15:40","True","0.703","","233","","59","","42326223","","123957","","C:\Users\ymt\AppData\Local\Temp\maxwell_LAPTOP-AJJKNQJR_29840.pjt","20","Setup1_env.dump","2026-06-03 13:15:43","9999","False","False","2026-06-03 13:15:42","0"
"2026-06-03 13:16:51","29840","2026-06-03 13:15:40","True","0.875","0.172","699","466","60","1","42480258","154035","124132","175","C:\Users\ymt\AppData\Local\Temp\maxwell_LAPTOP-AJJKNQJR_29840.pjt","20","Setup1_env.dump","2026-06-03 13:15:43","9999","False","False","2026-06-03 13:16:42","0"
"2026-06-03 13:17:51","29840","2026-06-03 13:15:40","True","1.031","0.156","1240","541","62","2","42554876","74618","124315","183","C:\Users\ymt\AppData\Local\Temp\maxwell_LAPTOP-AJJKNQJR_29840.pjt","20","Setup1_env.dump","2026-06-03 13:15:43","9999","False","False","2026-06-03 13:17:43","0"
"2026-06-03 13:18:51","29840","2026-06-03 13:15:40","True","1.203","0.172","1783","543","64","2","42647671","92795","124498","183","C:\Users\ymt\AppData\Local\Temp\maxwell_LAPTOP-AJJKNQJR_29840.pjt","20","Setup1_env.dump","2026-06-03 13:15:43","9999","False","False","2026-06-03 13:18:44","0"
"2026-06-03 13:19:52","29840","2026-06-03 13:15:40","True","1.312","0.109","1989","206","66","2","42683659","35988","124681","183","C:\Users\ymt\AppData\Local\Temp\maxwell_LAPTOP-AJJKNQJR_29840.pjt","20","Setup1_env.dump","2026-06-03 13:15:43","9999","False","False","2026-06-03 13:19:44","0"
"2026-06-03 13:20:52","29840","2026-06-03 13:15:40","True","1.5","0.188","2204","215","67","1","42768035","84376","124856","175","C:\Users\ymt\AppData\Local\Temp\maxwell_LAPTOP-AJJKNQJR_29840.pjt","20","Setup1_env.dump","2026-06-03 13:15:43","9999","False","False","2026-06-03 13:20:45","0"
"2026-06-03 13:21:52","29840","2026-06-03 13:15:40","True","1.656","0.156","2549","345","69","2","42802233","34198","125039","183","C:\Users\ymt\AppData\Local\Temp\maxwell_LAPTOP-AJJKNQJR_29840.pjt","20","Setup1_env.dump","2026-06-03 13:15:43","9999","False","False","2026-06-03 13:21:45","0"
"2026-06-03 13:22:52","29840","2026-06-03 13:15:40","True","1.812","0.157","2949","400","71","2","42839681","37448","125222","183","C:\Users\ymt\AppData\Local\Temp\maxwell_LAPTOP-AJJKNQJR_29840.pjt","20","Setup1_env.dump","2026-06-03 13:15:43","9999","False","False","2026-06-03 13:22:46","0"
"2026-06-03 13:23:52","29840","2026-06-03 13:15:40","True","1.922","0.11","3427","478","73","2","42893417","53736","125405","183","C:\Users\ymt\AppData\Local\Temp\maxwell_LAPTOP-AJJKNQJR_29840.pjt","20","Setup1_env.dump","2026-06-03 13:15:43","9999","False","False","2026-06-03 13:23:46","0"
"2026-06-03 13:24:52","29840","2026-06-03 13:15:40","True","1.953","0.031","3931","504","75","2","42949765","56348","125588","183","C:\Users\ymt\AppData\Local\Temp\maxwell_LAPTOP-AJJKNQJR_29840.pjt","20","Setup1_env.dump","2026-06-03 13:15:43","9999","False","False","2026-06-03 13:24:47","0"
"2026-06-03 13:25:52","29840","2026-06-03 13:15:40","True","2","0.047","4425","494","77","2","43004583","54818","125771","183","C:\Users\ymt\AppData\Local\Temp\maxwell_LAPTOP-AJJKNQJR_29840.pjt","20","Setup1_env.dump","2026-06-03 13:15:43","9999","False","False","2026-06-03 13:25:48","0"
"2026-06-03 13:26:52","29840","2026-06-03 13:15:40","True","2.062","0.062","4625","200","79","2","43027547","22964","125954","183","C:\Users\ymt\AppData\Local\Temp\maxwell_LAPTOP-AJJKNQJR_29840.pjt","20","Setup1_env.dump","2026-06-03 13:15:43","9999","False","False","2026-06-03 13:26:48","0"
"2026-06-03 13:27:53","29840","2026-06-03 13:15:40","True","2.234","0.172","4694","69","81","2","43054414","26867","126496","542","C:\Users\ymt\AppData\Local\Temp\maxwell_LAPTOP-AJJKNQJR_29840.pjt","21","profile_backup","2026-06-03 13:27:47","9999","False","False","2026-06-03 13:27:49","0"
"2026-06-03 13:28:53","29840","2026-06-03 13:15:40","True","2.359","0.125","4709","15","83","2","43055974","1560","126991","495","C:\Users\ymt\AppData\Local\Temp\maxwell_LAPTOP-AJJKNQJR_29840.pjt","24","Setup1.g3derr","2026-06-03 13:28:52","9999","False","False","2026-06-03 13:28:49","0"
"2026-06-03 13:29:53","29840","2026-06-03 13:15:40","True","2.484","0.125","4709","0","84","1","43055974","0","127166","175","C:\Users\ymt\AppData\Local\Temp\maxwell_LAPTOP-AJJKNQJR_29840.pjt","24","Setup1.g3derr","2026-06-03 13:28:52","9999","False","False","2026-06-03 13:29:50","0"
"2026-06-03 13:30:53","29840","2026-06-03 13:15:40","True","2.594","0.11","4710","1","86","2","43055982","8","127349","183","C:\Users\ymt\AppData\Local\Temp\maxwell_LAPTOP-AJJKNQJR_29840.pjt","24","Setup1.g3derr","2026-06-03 13:28:52","9999","False","False","2026-06-03 13:30:50","0"
"2026-06-03 13:31:53","29840","2026-06-03 13:15:40","True","2.672","0.078","4712","2","88","2","43056048","66","127532","183","C:\Users\ymt\AppData\Local\Temp\maxwell_LAPTOP-AJJKNQJR_29840.pjt","25","initial.curv_tri_report","2026-06-03 13:31:14","9999","False","False","2026-06-03 13:31:51","0"
"2026-06-03 13:32:53","29840","2026-06-03 13:15:40","True","2.781","0.109","4713","1","90","2","43056056","8","127715","183","C:\Users\ymt\AppData\Local\Temp\maxwell_LAPTOP-AJJKNQJR_29840.pjt","25","initial.curv_tri_report","2026-06-03 13:31:14","9999","False","False","2026-06-03 13:32:51","0"
"2026-06-03 13:33:53","29840","2026-06-03 13:15:40","True","2.812","0.031","4715","2","91","1","43056128","72","127890","175","C:\Users\ymt\AppData\Local\Temp\maxwell_LAPTOP-AJJKNQJR_29840.pjt","25","initial.curv_tri_report","2026-06-03 13:31:14","9999","False","False","2026-06-03 13:33:52","0"
"2026-06-03 13:34:53","29840","2026-06-03 13:15:40","True","3.047","0.235","4716","1","93","2","43056136","8","128073","183","C:\Users\ymt\AppData\Local\Temp\maxwell_LAPTOP-AJJKNQJR_29840.pjt","25","initial.curv_tri_report","2026-06-03 13:31:14","9999","False","False","2026-06-03 13:34:52","0"
"2026-06-03 13:35:53","29840","2026-06-03 13:15:40","True","3.125","0.078","4718","2","95","2","43056162","26","128256","183","C:\Users\ymt\AppData\Local\Temp\maxwell_LAPTOP-AJJKNQJR_29840.pjt","25","initial.curv_tri_report","2026-06-03 13:31:14","9999","False","False","2026-06-03 13:35:52","0"
"2026-06-03 13:36:53","29840","2026-06-03 13:15:40","True","3.812","0.688","45334","40616","40424","40329","373313554","330257392","165302802","165174546","C:\Users\ymt\AppData\Local\Temp\maxwell_LAPTOP-AJJKNQJR_29840.pjt","27","Setup1_env.dump","2026-06-03 13:36:20","9999","True","False","2026-06-03 13:36:53","0"
"2026-06-03 13:37:54","29840","2026-06-03 13:15:40","True","3.922","0.11","45345","11","40426","2","373314966","1412","165302985","183","C:\Users\ymt\AppData\Local\Temp\maxwell_LAPTOP-AJJKNQJR_29840.pjt","27","Setup1_env.dump","2026-06-03 13:36:20","9999","True","False","2026-06-03 13:37:54","0"
"2026-06-03 13:38:54","29840","2026-06-03 13:15:40","True","4.109","0.187","45366","21","40426","0","373317036","2070","165302985","0","C:\Users\ymt\AppData\Local\Temp\maxwell_LAPTOP-AJJKNQJR_29840.pjt","27","Setup1_env.dump","2026-06-03 13:36:20","9999","True","False","2026-06-03 13:37:54","0"
"2026-06-03 13:39:54","29840","2026-06-03 13:15:40","True","4.141","0.032","45403","37","40427","1","373322410","5374","165303160","175","C:\Users\ymt\AppData\Local\Temp\maxwell_LAPTOP-AJJKNQJR_29840.pjt","27","Setup1_env.dump","2026-06-03 13:36:20","9999","True","False","2026-06-03 13:38:54","0"
"2026-06-03 13:40:54","29840","2026-06-03 13:15:40","True","4.344","0.203","45422","19","40428","1","373323892","1482","165303335","175","C:\Users\ymt\AppData\Local\Temp\maxwell_LAPTOP-AJJKNQJR_29840.pjt","27","Setup1_env.dump","2026-06-03 13:36:20","9999","True","False","2026-06-03 13:39:55","0"
"2026-06-03 13:41:54","29840","2026-06-03 13:15:40","True","4.453","0.109","45459","37","40429","1","373333115","9223","165303510","175","C:\Users\ymt\AppData\Local\Temp\maxwell_LAPTOP-AJJKNQJR_29840.pjt","27","Setup1_env.dump","2026-06-03 13:36:20","9999","True","False","2026-06-03 13:40:55","0"
"2026-06-03 13:42:54","29840","2026-06-03 13:15:40","True","4.562","0.109","45478","19","40430","1","373340940","7825","165303685","175","C:\Users\ymt\AppData\Local\Temp\maxwell_LAPTOP-AJJKNQJR_29840.pjt","27","Setup1_env.dump","2026-06-03 13:36:20","9999","True","False","2026-06-03 13:41:56","0"
"2026-06-03 13:43:54","29840","2026-06-03 13:15:40","True","4.609","0.047","45513","35","40431","1","373345811","4871","165303860","175","C:\Users\ymt\AppData\Local\Temp\maxwell_LAPTOP-AJJKNQJR_29840.pjt","27","Setup1_env.dump","2026-06-03 13:36:20","9999","True","False","2026-06-03 13:42:57","0"
"2026-06-03 13:44:54","29840","2026-06-03 13:15:40","True","4.688","0.079","45525","12","40432","1","373347151","1340","165304035","175","C:\Users\ymt\AppData\Local\Temp\maxwell_LAPTOP-AJJKNQJR_29840.pjt","27","Setup1_env.dump","2026-06-03 13:36:20","9999","True","False","2026-06-03 13:43:57","0"
"2026-06-03 13:45:55","29840","2026-06-03 13:15:40","True","4.891","0.203","45547","22","40433","1","373350285","3134","165304210","175","C:\Users\ymt\AppData\Local\Temp\maxwell_LAPTOP-AJJKNQJR_29840.pjt","27","Setup1_env.dump","2026-06-03 13:36:20","9999","True","False","2026-06-03 13:44:58","0"
"2026-06-03 13:46:55","29840","2026-06-03 13:15:40","True","5","0.109","45573","26","40434","1","373366753","16468","165304385","175","C:\Users\ymt\AppData\Local\Temp\maxwell_LAPTOP-AJJKNQJR_29840.pjt","27","Setup1_env.dump","2026-06-03 13:36:20","9999","True","False","2026-06-03 13:45:58","0"
"2026-06-03 13:47:55","29840","2026-06-03 13:15:40","True","5.141","0.141","45592","19","40435","1","373369002","2249","165304560","175","C:\Users\ymt\AppData\Local\Temp\maxwell_LAPTOP-AJJKNQJR_29840.pjt","27","Setup1_env.dump","2026-06-03 13:36:20","9999","True","False","2026-06-03 13:46:59","0"
"2026-06-03 13:48:55","29840","2026-06-03 13:15:40","True","5.203","0.062","45616","24","40436","1","373372036","3034","165304735","175","C:\Users\ymt\AppData\Local\Temp\maxwell_LAPTOP-AJJKNQJR_29840.pjt","27","Setup1_env.dump","2026-06-03 13:36:20","9999","True","False","2026-06-03 13:48:00","0"
"2026-06-03 13:49:55","29840","2026-06-03 13:15:40","True","5.344","0.141","45637","21","40437","1","373374697","2661","165304910","175","C:\Users\ymt\AppData\Local\Temp\maxwell_LAPTOP-AJJKNQJR_29840.pjt","27","Setup1_env.dump","2026-06-03 13:36:20","9999","True","False","2026-06-03 13:49:00","0"
"2026-06-03 13:50:55","29840","2026-06-03 13:15:40","True","5.703","0.359","45657","20","40438","1","373377242","2545","165305085","175","C:\Users\ymt\AppData\Local\Temp\maxwell_LAPTOP-AJJKNQJR_29840.pjt","27","Setup1_env.dump","2026-06-03 13:36:20","9999","True","False","2026-06-03 13:50:01","0"
"2026-06-03 13:51:55","29840","2026-06-03 13:15:40","True","5.828","0.125","45672","15","40439","1","373378652","1410","165305260","175","C:\Users\ymt\AppData\Local\Temp\maxwell_LAPTOP-AJJKNQJR_29840.pjt","27","Setup1_env.dump","2026-06-03 13:36:20","9999","True","False","2026-06-03 13:51:01","0"
"2026-06-03 13:52:56","29840","2026-06-03 13:15:40","True","5.906","0.078","45700","28","40440","1","373382874","4222","165305435","175","C:\Users\ymt\AppData\Local\Temp\maxwell_LAPTOP-AJJKNQJR_29840.pjt","27","Setup1_env.dump","2026-06-03 13:36:20","9999","True","False","2026-06-03 13:52:02","0"
"2026-06-03 13:53:56","29840","2026-06-03 13:15:40","True","6.016","0.11","45719","19","40441","1","373395484","12610","165305610","175","C:\Users\ymt\AppData\Local\Temp\maxwell_LAPTOP-AJJKNQJR_29840.pjt","27","Setup1_env.dump","2026-06-03 13:36:20","9999","True","False","2026-06-03 13:53:02","0"
"2026-06-03 13:54:56","29840","2026-06-03 13:15:40","True","6.203","0.187","45736","17","40442","1","373397070","1586","165305785","175","C:\Users\ymt\AppData\Local\Temp\maxwell_LAPTOP-AJJKNQJR_29840.pjt","27","Setup1_env.dump","2026-06-03 13:36:20","9999","True","False","2026-06-03 13:54:03","0"
"2026-06-03 13:55:56","29840","2026-06-03 13:15:40","True","6.312","0.109","45778","42","40443","1","373411417","14347","165305960","175","C:\Users\ymt\AppData\Local\Temp\maxwell_LAPTOP-AJJKNQJR_29840.pjt","27","Setup1_env.dump","2026-06-03 13:36:20","9999","True","False","2026-06-03 13:55:03","0"
"2026-06-03 13:56:56","29840","2026-06-03 13:15:40","True","6.406","0.094","45792","14","40444","1","373412828","1411","165306135","175","C:\Users\ymt\AppData\Local\Temp\maxwell_LAPTOP-AJJKNQJR_29840.pjt","27","Setup1_env.dump","2026-06-03 13:36:20","9999","True","False","2026-06-03 13:56:04","0"
"2026-06-03 13:57:56","29840","2026-06-03 13:15:40","True","6.594","0.188","45829","37","40445","1","373429759","16931","165306310","175","C:\Users\ymt\AppData\Local\Temp\maxwell_LAPTOP-AJJKNQJR_29840.pjt","27","Setup1_env.dump","2026-06-03 13:36:20","9999","True","False","2026-06-03 13:57:04","0"
"2026-06-03 13:58:56","29840","2026-06-03 13:15:40","True","6.766","0.172","45847","18","40446","1","373431269","1510","165306485","175","C:\Users\ymt\AppData\Local\Temp\maxwell_LAPTOP-AJJKNQJR_29840.pjt","27","Setup1_env.dump","2026-06-03 13:36:20","9999","True","False","2026-06-03 13:58:05","0"
"2026-06-03 13:59:56","29840","2026-06-03 13:15:40","True","6.812","0.046","45867","20","40447","1","373434057","2788","165306660","175","C:\Users\ymt\AppData\Local\Temp\maxwell_LAPTOP-AJJKNQJR_29840.pjt","27","Setup1_env.dump","2026-06-03 13:36:20","9999","True","False","2026-06-03 13:59:06","0"
"2026-06-03 14:00:57","29840","2026-06-03 13:15:40","True","6.859","0.047","45901","34","40448","1","373449789","15732","165306835","175","C:\Users\ymt\AppData\Local\Temp\maxwell_LAPTOP-AJJKNQJR_29840.pjt","27","Setup1_env.dump","2026-06-03 13:36:20","9999","True","False","2026-06-03 14:00:06","0"
"2026-06-03 14:01:57","29840","2026-06-03 13:15:40","True","7.047","0.188","45919","18","40449","1","373451368","1579","165307010","175","C:\Users\ymt\AppData\Local\Temp\maxwell_LAPTOP-AJJKNQJR_29840.pjt","27","Setup1_env.dump","2026-06-03 13:36:20","9999","True","False","2026-06-03 14:01:07","0"
"2026-06-03 14:02:57","29840","2026-06-03 13:15:40","True","7.109","0.062","45952","33","40450","1","373456662","5294","165307185","175","C:\Users\ymt\AppData\Local\Temp\maxwell_LAPTOP-AJJKNQJR_29840.pjt","27","Setup1_env.dump","2026-06-03 13:36:20","9999","True","False","2026-06-03 14:02:07","0"
"2026-06-03 14:03:57","29840","2026-06-03 13:15:40","True","7.312","0.204","45969","17","40451","1","373469810","13148","165307360","175","C:\Users\ymt\AppData\Local\Temp\maxwell_LAPTOP-AJJKNQJR_29840.pjt","27","Setup1_env.dump","2026-06-03 13:36:20","9999","True","False","2026-06-03 14:03:08","0"
"2026-06-03 14:04:57","29840","2026-06-03 13:15:40","True","7.375","0.063","46007","38","40452","1","373475117","5307","165307535","175","C:\Users\ymt\AppData\Local\Temp\maxwell_LAPTOP-AJJKNQJR_29840.pjt","27","Setup1_env.dump","2026-06-03 13:36:20","9999","True","False","2026-06-03 14:04:08","0"
"2026-06-03 14:05:57","29840","2026-06-03 13:15:40","True","7.641","0.266","46033","26","40453","1","373478461","3344","165307710","175","C:\Users\ymt\AppData\Local\Temp\maxwell_LAPTOP-AJJKNQJR_29840.pjt","27","Setup1_env.dump","2026-06-03 13:36:20","9999","True","False","2026-06-03 14:05:08","0"
"2026-06-03 14:06:57","29840","2026-06-03 13:15:40","True","7.891","0.25","46051","18","40454","1","373480670","2209","165307885","175","C:\Users\ymt\AppData\Local\Temp\maxwell_LAPTOP-AJJKNQJR_29840.pjt","27","Setup1_env.dump","2026-06-03 13:36:20","9999","True","False","2026-06-03 14:06:09","0"
"2026-06-03 14:07:57","29840","2026-06-03 13:15:40","True","8.047","0.156","46071","20","40455","1","373483060","2390","165308060","175","C:\Users\ymt\AppData\Local\Temp\maxwell_LAPTOP-AJJKNQJR_29840.pjt","27","Setup1_env.dump","2026-06-03 13:36:20","9999","True","False","2026-06-03 14:07:10","0"
"2026-06-03 14:08:57","29840","2026-06-03 13:15:40","True","8.203","0.156","46108","37","40456","1","373499315","16255","165308235","175","C:\Users\ymt\AppData\Local\Temp\maxwell_LAPTOP-AJJKNQJR_29840.pjt","27","Setup1_env.dump","2026-06-03 13:36:20","9999","True","False","2026-06-03 14:08:10","0"
"2026-06-03 14:09:58","29840","2026-06-03 13:15:40","True","8.359","0.156","46157","49","40457","1","373506610","7295","165308410","175","C:\Users\ymt\AppData\Local\Temp\maxwell_LAPTOP-AJJKNQJR_29840.pjt","27","Setup1_env.dump","2026-06-03 13:36:20","9999","True","False","2026-06-03 14:09:11","0"
"2026-06-03 14:10:58","29840","2026-06-03 13:15:40","True","8.594","0.235","46224","67","40458","1","373517134","10524","165308585","175","C:\Users\ymt\AppData\Local\Temp\maxwell_LAPTOP-AJJKNQJR_29840.pjt","27","Setup1_env.dump","2026-06-03 13:36:20","9999","True","False","2026-06-03 14:10:12","0"
"2026-06-03 14:11:58","29840","2026-06-03 13:15:40","True","8.844","0.25","46284","60","40459","1","373526303","9169","165308760","175","C:\Users\ymt\AppData\Local\Temp\maxwell_LAPTOP-AJJKNQJR_29840.pjt","27","Setup1_env.dump","2026-06-03 13:36:20","9999","True","False","2026-06-03 14:11:12","0"
"2026-06-03 14:12:58","29840","2026-06-03 13:15:40","True","9.016","0.172","46295","11","40460","1","373527638","1335","165308935","175","C:\Users\ymt\AppData\Local\Temp\maxwell_LAPTOP-AJJKNQJR_29840.pjt","27","Setup1_env.dump","2026-06-03 13:36:20","9999","True","False","2026-06-03 14:12:13","0"
"2026-06-03 14:13:58","29840","2026-06-03 13:15:40","True","9.172","0.156","46343","48","40461","1","373535042","7404","165309110","175","C:\Users\ymt\AppData\Local\Temp\maxwell_LAPTOP-AJJKNQJR_29840.pjt","27","Setup1_env.dump","2026-06-03 13:36:20","9999","True","False","2026-06-03 14:13:14","0"
"2026-06-03 14:14:58","29840","2026-06-03 13:15:40","True","9.281","0.109","46397","54","40463","2","373543332","8290","165309293","183","C:\Users\ymt\AppData\Local\Temp\maxwell_LAPTOP-AJJKNQJR_29840.pjt","27","Setup1_env.dump","2026-06-03 13:36:20","9999","True","False","2026-06-03 14:14:14","0"
"2026-06-03 14:15:58","29840","2026-06-03 13:15:40","True","9.562","0.281","46444","47","40464","1","373550803","7471","165309468","175","C:\Users\ymt\AppData\Local\Temp\maxwell_LAPTOP-AJJKNQJR_29840.pjt","27","Setup1_env.dump","2026-06-03 13:36:20","9999","True","False","2026-06-03 14:15:15","0"
"2026-06-03 14:16:58","29840","2026-06-03 13:15:40","True","9.703","0.141","46496","52","40465","1","373558809","8006","165309643","175","C:\Users\ymt\AppData\Local\Temp\maxwell_LAPTOP-AJJKNQJR_29840.pjt","27","Setup1_env.dump","2026-06-03 13:36:20","9999","True","False","2026-06-03 14:16:16","0"
"2026-06-03 14:17:58","29840","2026-06-03 13:15:40","True","9.922","0.219","46507","11","40466","1","373559999","1190","165309818","175","C:\Users\ymt\AppData\Local\Temp\maxwell_LAPTOP-AJJKNQJR_29840.pjt","27","Setup1_env.dump","2026-06-03 13:36:20","9999","True","False","2026-06-03 14:17:16","0"
"2026-06-03 14:18:59","29840","2026-06-03 13:15:40","True","10.172","0.25","46511","4","40468","2","373560147","148","165310001","183","C:\Users\ymt\AppData\Local\Temp\maxwell_LAPTOP-AJJKNQJR_29840.pjt","27","Setup1_env.dump","2026-06-03 13:36:20","9999","True","False","2026-06-03 14:18:17","0"
"2026-06-03 14:19:59","29840","2026-06-03 13:15:40","True","10.359","0.187","46513","2","40469","1","373560277","130","165310176","175","C:\Users\ymt\AppData\Local\Temp\maxwell_LAPTOP-AJJKNQJR_29840.pjt","27","Setup1.g3derr","2026-06-03 14:18:59","9999","True","False","2026-06-03 14:19:17","0"
"2026-06-03 14:20:59","29840","2026-06-03 13:15:40","True","10.766","0.407","46800","287","40471","2","519287610","145727333","165311110","934","C:\Users\ymt\AppData\Local\Temp\maxwell_LAPTOP-AJJKNQJR_29840.pjt","32","logfile","2026-06-03 14:20:33","0","True","False","2026-06-03 14:20:18","0"
"2026-06-03 14:21:59","29840","2026-06-03 13:15:40","True","10.844","0.078","46801","1","40473","2","519287618","8","165311293","183","C:\Users\ymt\AppData\Local\Temp\maxwell_LAPTOP-AJJKNQJR_29840.pjt","32","logfile","2026-06-03 14:20:33","0","True","False","2026-06-03 14:21:19","0"
"2026-06-03 14:22:59","29840","2026-06-03 13:15:40","True","10.984","0.14","46806","5","40474","1","519287833","215","165311468","175","C:\Users\ymt\AppData\Local\Temp\maxwell_LAPTOP-AJJKNQJR_29840.pjt","32","logfile","2026-06-03 14:20:33","0","True","False","2026-06-03 14:22:19","0"
"2026-06-03 14:23:59","29840","2026-06-03 13:15:40","True","11.141","0.157","46807","1","40475","1","519287860","27","165311643","175","C:\Users\ymt\AppData\Local\Temp\maxwell_LAPTOP-AJJKNQJR_29840.pjt","32","logfile","2026-06-03 14:20:33","0","True","False","2026-06-03 14:23:20","0"
"2026-06-03 14:25:00","","","","","","","","","","","","","","","","","","","","","",""
"2026-06-03 14:26:00","","","","","","","","","","","","","","","","","","","","","",""
"2026-06-03 14:27:00","","","","","","","","","","","","","","","","","","","","","",""
"2026-06-03 14:28:00","","","","","","","","","","","","","","","","","","","","","",""
"2026-06-03 14:29:00","","","","","","","","","","","","","","","","","","","","","",""
"2026-06-03 14:30:00","","","","","","","","","","","","","","","","","","","","","",""
"2026-06-03 14:31:00","","","","","","","","","","","","","","","","","","","","","",""
"2026-06-03 14:32:00","","","","","","","","","","","","","","","","","","","","","",""
"2026-06-03 14:33:00","","","","","","","","","","","","","","","","","","","","","",""
"2026-06-03 14:34:00","","","","","","","","","","","","","","","","","","","","","",""
"2026-06-03 14:35:00","","","","","","","","","","","","","","","","","","","","","",""
"2026-06-03 14:36:00","","","","","","","","","","","","","","","","","","","","","",""
"2026-06-03 14:37:00","","","","","","","","","","","","","","","","","","","","","",""
"2026-06-03 14:38:00","","","","","","","","","","","","","","","","","","","","","",""
"2026-06-03 14:39:00","","","","","","","","","","","","","","","","","","","","","",""
"2026-06-03 14:40:00","","","","","","","","","","","","","","","","","","","","","",""
"2026-06-03 14:41:00","","","","","","","","","","","","","","","","","","","","","",""
"2026-06-03 14:42:00","","","","","","","","","","","","","","","","","","","","","",""
"2026-06-03 14:43:00","","","","","","","","","","","","","","","","","","","","","",""
"2026-06-03 14:44:00","","","","","","","","","","","","","","","","","","","","","",""
"2026-06-03 14:45:00","","","","","","","","","","","","","","","","","","","","","",""
"2026-06-03 14:46:00","","","","","","","","","","","","","","","","","","","","","",""
"2026-06-03 14:47:00","","","","","","","","","","","","","","","","","","","","","",""
"2026-06-03 14:48:00","","","","","","","","","","","","","","","","","","","","","",""
"2026-06-03 14:49:00","","","","","","","","","","","","","","","","","","","","","",""
"2026-06-03 14:50:00","","","","","","","","","","","","","","","","","","","","","",""
"2026-06-03 14:51:00","","","","","","","","","","","","","","","","","","","","","",""
